t,o,h,l,c,v
2025-11-11 23:01:00+00:00,4135.8,4137.5,4135.7,4137.2,393
2025-11-11 23:02:00+00:00,4137.2,4137.9,4136.7,4137.0,230
2025-11-11 23:03:00+00:00,4137.2,4138.0,4135.6,4137.8,279
2025-11-11 23:04:00+00:00,4137.6,4138.2,4136.7,4137.1,193
2025-11-11 23:05:00+00:00,4137.0,4137.1,4135.9,4136.2,192
2025-11-11 23:06:00+00:00,4136.1,4137.1,4135.9,4136.5,108
2025-11-11 23:07:00+00:00,4136.3,4136.9,4136.0,4136.2,89
2025-11-11 23:08:00+00:00,4136.1,4136.1,4135.3,4135.7,116
2025-11-11 23:09:00+00:00,4135.3,4136.0,4135.2,4135.9,101
2025-11-11 23:10:00+00:00,4135.9,4136.9,4135.6,4136.8,141
2025-11-11 23:11:00+00:00,4136.8,4138.8,4136.6,4138.0,296
2025-11-11 23:12:00+00:00,4137.8,4139.2,4137.5,4139.1,233
2025-11-11 23:13:00+00:00,4138.9,4139.5,4138.1,4138.4,234
2025-11-11 23:14:00+00:00,4138.3,4139.6,4138.3,4139.6,111
2025-11-11 23:15:00+00:00,4139.3,4140.8,4139.0,4140.4,481
2025-11-11 23:16:00+00:00,4140.4,4141.5,4140.4,4141.3,366
2025-11-11 23:17:00+00:00,4141.2,4141.5,4140.4,4141.1,184
2025-11-11 23:18:00+00:00,4141.1,4142.0,4140.9,4141.7,229
2025-11-11 23:19:00+00:00,4141.4,4141.5,4140.1,4141.2,208
2025-11-11 23:20:00+00:00,4141.5,4143.0,4140.8,4143.0,288
2025-11-11 23:21:00+00:00,4143.0,4143.5,4142.1,4142.1,356
2025-11-11 23:22:00+00:00,4142.4,4143.3,4142.1,4142.5,165
2025-11-11 23:23:00+00:00,4142.7,4142.8,4142.1,4142.4,135
2025-11-11 23:24:00+00:00,4142.2,4144.3,4142.2,4143.6,348
2025-11-11 23:25:00+00:00,4143.7,4145.3,4143.3,4145.3,308
2025-11-11 23:26:00+00:00,4145.1,4145.3,4144.2,4144.9,233
2025-11-11 23:27:00+00:00,4145.0,4145.8,4143.6,4143.9,326
2025-11-11 23:28:00+00:00,4143.9,4144.8,4143.9,4144.3,182
2025-11-11 23:29:00+00:00,4144.5,4145.2,4144.4,4144.9,171
2025-11-11 23:30:00+00:00,4145.0,4145.0,4143.3,4143.8,260
2025-11-11 23:31:00+00:00,4143.8,4144.1,4142.9,4143.3,178
2025-11-11 23:32:00+00:00,4143.1,4144.9,4142.6,4144.8,321
2025-11-11 23:33:00+00:00,4144.8,4146.8,4143.9,4145.8,531
2025-11-11 23:34:00+00:00,4146.0,4146.2,4144.1,4144.5,248
2025-11-11 23:35:00+00:00,4144.6,4146.2,4143.7,4145.9,219
2025-11-11 23:36:00+00:00,4146.1,4146.7,4145.5,4145.9,247
2025-11-11 23:37:00+00:00,4146.1,4147.4,4145.3,4146.4,416
2025-11-11 23:38:00+00:00,4146.2,4147.5,4146.1,4146.9,335
2025-11-11 23:39:00+00:00,4147.0,4148.7,4147.0,4148.2,485
2025-11-11 23:40:00+00:00,4148.1,4150.3,4147.9,4149.4,688
2025-11-11 23:41:00+00:00,4149.2,4149.6,4148.3,4148.6,378
2025-11-11 23:42:00+00:00,4148.6,4150.0,4148.6,4149.7,218
2025-11-11 23:43:00+00:00,4149.6,4149.9,4148.7,4149.5,248
2025-11-11 23:44:00+00:00,4149.5,4149.9,4149.0,4149.7,193
2025-11-11 23:45:00+00:00,4149.6,4150.2,4149.2,4149.4,261
2025-11-11 23:46:00+00:00,4149.4,4150.8,4149.4,4150.0,334
2025-11-11 23:47:00+00:00,4150.2,4150.2,4149.2,4149.3,180
2025-11-11 23:48:00+00:00,4149.2,4149.7,4147.9,4147.9,310
2025-11-11 23:49:00+00:00,4148.0,4149.4,4147.7,4149.4,273
2025-11-11 23:50:00+00:00,4149.2,4151.0,4149.1,4150.6,359
2025-11-11 23:51:00+00:00,4150.6,4150.8,4149.8,4150.7,199
2025-11-11 23:52:00+00:00,4150.5,4150.7,4149.4,4149.8,199
2025-11-11 23:53:00+00:00,4149.7,4150.0,4148.9,4149.9,213
2025-11-11 23:54:00+00:00,4149.9,4150.2,4149.4,4149.6,136
2025-11-11 23:55:00+00:00,4149.6,4149.6,4148.0,4148.2,296
2025-11-11 23:56:00+00:00,4148.2,4149.0,4148.1,4149.0,130
2025-11-11 23:57:00+00:00,4149.0,4149.3,4148.4,4148.6,111
2025-11-11 23:58:00+00:00,4148.7,4149.2,4148.3,4148.4,74
2025-11-11 23:59:00+00:00,4148.5,4148.7,4147.4,4148.6,242
2025-11-12 00:00:00+00:00,4148.6,4148.9,4145.1,4146.6,886
2025-11-12 00:01:00+00:00,4146.4,4148.3,4145.6,4148.1,484
2025-11-12 00:02:00+00:00,4148.2,4149.3,4147.8,4149.3,307
2025-11-12 00:03:00+00:00,4149.1,4150.7,4149.1,4150.4,522
2025-11-12 00:04:00+00:00,4150.2,4151.0,4150.2,4150.4,512
2025-11-12 00:05:00+00:00,4150.6,4151.6,4150.4,4151.4,465
2025-11-12 00:06:00+00:00,4151.2,4151.5,4149.5,4149.8,432
2025-11-12 00:07:00+00:00,4149.6,4149.9,4148.8,4149.1,298
2025-11-12 00:08:00+00:00,4149.2,4150.2,4148.8,4149.7,263
2025-11-12 00:09:00+00:00,4149.8,4150.7,4148.7,4148.9,285
2025-11-12 00:10:00+00:00,4148.7,4149.0,4147.6,4148.6,388
2025-11-12 00:11:00+00:00,4148.5,4150.0,4148.5,4148.9,242
2025-11-12 00:12:00+00:00,4149.0,4149.8,4148.9,4149.7,167
2025-11-12 00:13:00+00:00,4149.4,4149.9,4149.3,4149.3,82
2025-11-12 00:14:00+00:00,4149.2,4150.2,4148.8,4149.7,201
2025-11-12 00:15:00+00:00,4149.8,4149.9,4149.1,4149.9,166
2025-11-12 00:16:00+00:00,4149.9,4150.6,4149.0,4149.1,330
2025-11-12 00:17:00+00:00,4149.3,4149.3,4146.9,4147.7,370
2025-11-12 00:18:00+00:00,4147.7,4149.4,4147.7,4149.1,205
2025-11-12 00:19:00+00:00,4149.2,4149.7,4148.1,4148.4,176
2025-11-12 00:20:00+00:00,4148.7,4149.1,4148.0,4148.2,74
2025-11-12 00:21:00+00:00,4148.3,4148.3,4146.8,4147.9,343
2025-11-12 00:22:00+00:00,4147.9,4147.9,4146.6,4147.1,178
2025-11-12 00:23:00+00:00,4147.3,4147.7,4146.1,4147.1,229
2025-11-12 00:24:00+00:00,4147.1,4147.3,4146.8,4147.1,82
2025-11-12 00:25:00+00:00,4147.0,4147.0,4145.3,4145.8,428
2025-11-12 00:26:00+00:00,4145.8,4146.8,4145.3,4146.4,228
2025-11-12 00:27:00+00:00,4146.5,4146.5,4145.0,4146.1,270
2025-11-12 00:28:00+00:00,4145.9,4146.9,4145.7,4146.6,176
2025-11-12 00:29:00+00:00,4146.6,4147.6,4146.4,4147.3,159
2025-11-12 00:30:00+00:00,4147.3,4149.3,4146.9,4148.0,512
2025-11-12 00:31:00+00:00,4148.0,4148.7,4147.5,4148.0,231
2025-11-12 00:32:00+00:00,4147.9,4149.7,4147.9,4149.6,241
2025-11-12 00:33:00+00:00,4149.7,4150.2,4148.3,4149.1,293
2025-11-12 00:34:00+00:00,4149.3,4149.7,4148.0,4148.3,221
2025-11-12 00:35:00+00:00,4148.5,4150.3,4148.1,4149.9,358
2025-11-12 00:36:00+00:00,4150.0,4150.0,4148.1,4148.8,204
2025-11-12 00:37:00+00:00,4148.8,4148.8,4147.5,4148.4,193
2025-11-12 00:38:00+00:00,4148.2,4148.4,4146.3,4146.4,198
2025-11-12 00:39:00+00:00,4146.4,4147.4,4146.1,4147.4,248
2025-11-12 00:40:00+00:00,4147.3,4147.6,4146.6,4147.3,98
2025-11-12 00:41:00+00:00,4147.3,4147.6,4146.8,4146.8,94
2025-11-12 00:42:00+00:00,4146.7,4147.9,4146.6,4147.9,125
2025-11-12 00:43:00+00:00,4148.0,4148.1,4147.1,4147.2,125
2025-11-12 00:44:00+00:00,4147.3,4147.9,4147.1,4147.5,77
2025-11-12 00:45:00+00:00,4147.6,4148.5,4147.5,4148.4,101
2025-11-12 00:46:00+00:00,4148.5,4148.5,4145.7,4145.9,276
2025-11-12 00:47:00+00:00,4145.7,4145.9,4144.1,4144.8,626
2025-11-12 00:48:00+00:00,4144.8,4146.1,4144.7,4145.8,281
2025-11-12 00:49:00+00:00,4145.9,4145.9,4144.3,4144.9,320
2025-11-12 00:50:00+00:00,4144.7,4145.8,4142.6,4143.3,674
2025-11-12 00:51:00+00:00,4143.1,4143.7,4141.7,4142.1,720
2025-11-12 00:52:00+00:00,4142.1,4144.7,4142.1,4142.9,449
2025-11-12 00:53:00+00:00,4142.9,4144.4,4142.5,4143.3,340
2025-11-12 00:54:00+00:00,4143.2,4143.8,4140.8,4142.1,498
2025-11-12 00:55:00+00:00,4142.0,4143.7,4141.8,4143.6,243
2025-11-12 00:56:00+00:00,4143.6,4143.6,4142.2,4142.4,261
2025-11-12 00:57:00+00:00,4142.4,4142.4,4140.0,4141.2,764
2025-11-12 00:58:00+00:00,4141.1,4141.5,4139.4,4139.5,548
2025-11-12 00:59:00+00:00,4139.5,4139.7,4137.7,4138.9,1000
2025-11-12 01:00:00+00:00,4139.0,4139.1,4133.0,4136.5,2387
2025-11-12 01:01:00+00:00,4136.7,4138.7,4134.0,4138.4,937
2025-11-12 01:02:00+00:00,4138.6,4139.5,4136.5,4137.1,698
2025-11-12 01:03:00+00:00,4137.2,4139.9,4137.0,4137.9,538
2025-11-12 01:04:00+00:00,4137.6,4139.5,4137.0,4138.2,388
2025-11-12 01:05:00+00:00,4138.2,4141.4,4138.2,4140.5,930
2025-11-12 01:06:00+00:00,4140.4,4143.3,4140.1,4142.0,869
2025-11-12 01:07:00+00:00,4141.8,4142.7,4141.1,4142.5,320
2025-11-12 01:08:00+00:00,4142.6,4143.3,4140.5,4140.6,347
2025-11-12 01:09:00+00:00,4140.8,4141.5,4139.8,4140.9,465
2025-11-12 01:10:00+00:00,4141.0,4141.7,4139.1,4139.7,358
2025-11-12 01:11:00+00:00,4139.4,4140.1,4137.9,4138.9,602
2025-11-12 01:12:00+00:00,4138.5,4141.8,4138.5,4140.4,489
2025-11-12 01:13:00+00:00,4140.2,4142.4,4140.2,4140.5,512
2025-11-12 01:14:00+00:00,4140.5,4141.1,4140.4,4140.6,200
2025-11-12 01:15:00+00:00,4140.5,4140.7,4138.3,4138.3,407
2025-11-12 01:16:00+00:00,4138.5,4139.6,4138.0,4139.6,388
2025-11-12 01:17:00+00:00,4139.8,4140.1,4138.4,4138.7,232
2025-11-12 01:18:00+00:00,4138.6,4139.8,4137.2,4137.5,534
2025-11-12 01:19:00+00:00,4137.4,4137.9,4135.3,4137.8,679
2025-11-12 01:20:00+00:00,4137.7,4138.1,4136.0,4137.3,302
2025-11-12 01:21:00+00:00,4137.1,4137.1,4135.0,4136.3,429
2025-11-12 01:22:00+00:00,4136.3,4138.4,4136.0,4137.0,444
2025-11-12 01:23:00+00:00,4136.8,4138.1,4136.8,4137.5,196
2025-11-12 01:24:00+00:00,4137.7,4137.8,4134.9,4136.2,421
2025-11-12 01:25:00+00:00,4136.2,4136.8,4134.6,4134.8,274
2025-11-12 01:26:00+00:00,4134.7,4136.5,4134.6,4136.2,351
2025-11-12 01:27:00+00:00,4136.4,4137.7,4135.6,4137.5,375
2025-11-12 01:28:00+00:00,4137.5,4138.1,4135.9,4136.4,297
2025-11-12 01:29:00+00:00,4136.2,4137.4,4135.9,4136.7,151
2025-11-12 01:30:00+00:00,4136.6,4138.8,4136.2,4137.6,592
2025-11-12 01:31:00+00:00,4137.3,4138.5,4133.8,4135.0,795
2025-11-12 01:32:00+00:00,4134.8,4136.6,4134.7,4136.0,278
2025-11-12 01:33:00+00:00,4136.0,4136.2,4134.6,4135.6,281
2025-11-12 01:34:00+00:00,4135.5,4135.6,4132.6,4133.0,671
2025-11-12 01:35:00+00:00,4133.0,4135.6,4131.7,4135.4,761
2025-11-12 01:36:00+00:00,4135.3,4136.3,4134.6,4135.7,339
2025-11-12 01:37:00+00:00,4135.6,4136.2,4133.6,4133.7,269
2025-11-12 01:38:00+00:00,4133.7,4134.1,4132.4,4133.2,340
2025-11-12 01:39:00+00:00,4133.2,4135.1,4133.2,4134.3,285
2025-11-12 01:40:00+00:00,4134.3,4135.1,4133.1,4133.5,223
2025-11-12 01:41:00+00:00,4133.6,4135.8,4133.4,4135.8,242
2025-11-12 01:42:00+00:00,4135.9,4137.5,4135.7,4137.3,525
2025-11-12 01:43:00+00:00,4137.2,4137.7,4137.0,4137.4,323
2025-11-12 01:44:00+00:00,4137.5,4139.9,4137.3,4139.7,556
2025-11-12 01:45:00+00:00,4139.7,4139.9,4138.1,4139.0,504
2025-11-12 01:46:00+00:00,4138.9,4139.4,4137.7,4138.0,235
2025-11-12 01:47:00+00:00,4138.1,4138.7,4137.4,4138.7,231
2025-11-12 01:48:00+00:00,4138.8,4140.2,4138.6,4139.6,426
2025-11-12 01:49:00+00:00,4139.6,4141.2,4139.4,4140.3,583
2025-11-12 01:50:00+00:00,4140.3,4140.9,4139.5,4139.8,306
2025-11-12 01:51:00+00:00,4140.0,4140.5,4139.3,4139.9,247
2025-11-12 01:52:00+00:00,4139.8,4141.8,4139.7,4141.5,457
2025-11-12 01:53:00+00:00,4141.5,4141.6,4140.3,4140.7,327
2025-11-12 01:54:00+00:00,4140.6,4141.1,4139.6,4140.5,365
2025-11-12 01:55:00+00:00,4140.4,4141.0,4139.8,4140.3,188
2025-11-12 01:56:00+00:00,4140.4,4140.6,4138.2,4138.5,459
2025-11-12 01:57:00+00:00,4138.7,4138.9,4137.0,4137.0,588
2025-11-12 01:58:00+00:00,4137.0,4137.8,4136.2,4136.5,395
2025-11-12 01:59:00+00:00,4136.3,4137.9,4136.2,4137.4,251
2025-11-12 02:00:00+00:00,4137.3,4138.5,4136.6,4137.5,345
2025-11-12 02:01:00+00:00,4138.0,4139.8,4137.9,4139.5,304
2025-11-12 02:02:00+00:00,4139.6,4140.8,4138.7,4140.4,419
2025-11-12 02:03:00+00:00,4140.3,4141.4,4140.1,4141.3,279
2025-11-12 02:04:00+00:00,4141.1,4141.1,4139.5,4139.7,286
2025-11-12 02:05:00+00:00,4139.7,4140.2,4138.5,4140.1,290
2025-11-12 02:06:00+00:00,4139.8,4141.2,4139.7,4140.5,349
2025-11-12 02:07:00+00:00,4140.4,4141.7,4139.1,4141.1,348
2025-11-12 02:08:00+00:00,4141.2,4141.8,4140.4,4141.0,212
2025-11-12 02:09:00+00:00,4141.4,4141.9,4140.8,4141.0,178
2025-11-12 02:10:00+00:00,4141.0,4141.8,4140.8,4141.0,143
2025-11-12 02:11:00+00:00,4141.0,4141.3,4139.9,4140.3,246
2025-11-12 02:12:00+00:00,4140.4,4140.5,4139.2,4140.1,152
2025-11-12 02:13:00+00:00,4140.3,4140.4,4139.0,4139.4,158
2025-11-12 02:14:00+00:00,4139.6,4140.4,4139.3,4140.2,120
2025-11-12 02:15:00+00:00,4140.2,4140.2,4139.0,4139.8,133
2025-11-12 02:16:00+00:00,4139.9,4140.4,4139.3,4139.6,102
2025-11-12 02:17:00+00:00,4139.7,4139.9,4139.1,4139.3,115
2025-11-12 02:18:00+00:00,4139.5,4140.0,4138.9,4139.7,149
2025-11-12 02:19:00+00:00,4139.7,4141.1,4139.7,4140.8,244
2025-11-12 02:20:00+00:00,4141.0,4141.2,4139.6,4139.9,160
2025-11-12 02:21:00+00:00,4139.9,4140.0,4139.6,4140.0,37
2025-11-12 02:22:00+00:00,4140.1,4141.0,4140.0,4140.0,92
2025-11-12 02:23:00+00:00,4140.0,4140.1,4139.6,4139.6,74
2025-11-12 02:24:00+00:00,4139.6,4139.9,4139.5,4139.6,39
2025-11-12 02:25:00+00:00,4139.7,4139.8,4138.5,4138.7,264
2025-11-12 02:26:00+00:00,4138.9,4139.6,4137.3,4138.0,494
2025-11-12 02:27:00+00:00,4137.9,4138.7,4137.7,4138.4,162
2025-11-12 02:28:00+00:00,4138.5,4139.0,4136.7,4137.2,269
2025-11-12 02:29:00+00:00,4137.2,4137.8,4136.8,4137.6,107
2025-11-12 02:30:00+00:00,4137.5,4137.5,4134.5,4135.6,858
2025-11-12 02:31:00+00:00,4135.4,4135.7,4134.3,4135.4,279
2025-11-12 02:32:00+00:00,4135.6,4137.0,4135.0,4136.8,393
2025-11-12 02:33:00+00:00,4136.8,4136.8,4135.1,4135.5,223
2025-11-12 02:34:00+00:00,4135.5,4136.3,4135.2,4135.7,290
2025-11-12 02:35:00+00:00,4135.5,4136.5,4133.7,4134.0,407
2025-11-12 02:36:00+00:00,4133.8,4134.5,4132.3,4133.2,687
2025-11-12 02:37:00+00:00,4133.2,4135.0,4133.0,4133.6,383
2025-11-12 02:38:00+00:00,4133.5,4134.8,4132.6,4134.6,379
2025-11-12 02:39:00+00:00,4134.6,4135.2,4133.0,4133.8,328
2025-11-12 02:40:00+00:00,4133.8,4134.4,4132.5,4132.5,261
2025-11-12 02:41:00+00:00,4132.8,4132.8,4126.4,4128.6,2564
2025-11-12 02:42:00+00:00,4128.6,4130.1,4127.6,4128.4,941
2025-11-12 02:43:00+00:00,4128.4,4130.9,4127.8,4129.0,1005
2025-11-12 02:44:00+00:00,4129.3,4131.6,4128.6,4131.0,773
2025-11-12 02:45:00+00:00,4130.9,4132.2,4130.4,4132.0,534
2025-11-12 02:46:00+00:00,4131.8,4132.1,4129.9,4130.7,320
2025-11-12 02:47:00+00:00,4130.7,4131.0,4129.2,4130.1,267
2025-11-12 02:48:00+00:00,4130.0,4130.4,4128.9,4129.7,287
2025-11-12 02:49:00+00:00,4129.6,4129.8,4128.2,4129.1,310
2025-11-12 02:50:00+00:00,4129.3,4129.8,4127.5,4127.9,469
2025-11-12 02:51:00+00:00,4128.1,4128.1,4124.4,4124.8,1063
2025-11-12 02:52:00+00:00,4125.0,4127.0,4125.0,4126.4,613
2025-11-12 02:53:00+00:00,4126.3,4127.8,4125.4,4127.6,544
2025-11-12 02:54:00+00:00,4127.4,4127.9,4126.3,4126.4,320
2025-11-12 02:55:00+00:00,4126.4,4128.1,4126.0,4128.0,263
2025-11-12 02:56:00+00:00,4128.0,4129.0,4127.4,4127.4,475
2025-11-12 02:57:00+00:00,4127.4,4128.7,4126.9,4128.7,271
2025-11-12 02:58:00+00:00,4128.5,4128.8,4128.1,4128.4,112
2025-11-12 02:59:00+00:00,4128.3,4130.2,4128.3,4130.2,362
2025-11-12 03:00:00+00:00,4130.1,4130.2,4128.8,4129.7,348
2025-11-12 03:01:00+00:00,4129.7,4131.4,4129.5,4131.4,583
2025-11-12 03:02:00+00:00,4131.3,4131.3,4129.4,4129.4,377
2025-11-12 03:03:00+00:00,4129.6,4130.0,4126.5,4128.0,619
2025-11-12 03:04:00+00:00,4128.2,4128.3,4125.5,4125.6,489
2025-11-12 03:05:00+00:00,4125.7,4126.3,4123.2,4123.9,920
2025-11-12 03:06:00+00:00,4123.9,4125.3,4122.6,4125.3,752
2025-11-12 03:07:00+00:00,4125.3,4127.3,4125.1,4126.7,561
2025-11-12 03:08:00+00:00,4126.6,4128.1,4125.1,4128.1,384
2025-11-12 03:09:00+00:00,4127.9,4128.2,4127.0,4128.2,148
2025-11-12 03:10:00+00:00,4128.2,4129.6,4128.0,4129.0,422
2025-11-12 03:11:00+00:00,4128.9,4129.0,4128.2,4128.2,115
2025-11-12 03:12:00+00:00,4128.3,4128.7,4127.4,4128.3,242
2025-11-12 03:13:00+00:00,4128.5,4129.3,4127.9,4129.3,171
2025-11-12 03:14:00+00:00,4129.3,4129.4,4128.4,4128.8,175
2025-11-12 03:15:00+00:00,4128.8,4129.3,4128.3,4128.8,267
2025-11-12 03:16:00+00:00,4128.9,4129.7,4128.6,4129.5,131
2025-11-12 03:17:00+00:00,4129.3,4129.4,4128.2,4128.3,198
2025-11-12 03:18:00+00:00,4128.3,4128.5,4127.2,4127.5,296
2025-11-12 03:19:00+00:00,4127.6,4128.6,4127.1,4128.2,254
2025-11-12 03:20:00+00:00,4128.2,4128.2,4126.2,4127.5,242
2025-11-12 03:21:00+00:00,4127.4,4128.8,4126.5,4128.7,390
2025-11-12 03:22:00+00:00,4128.7,4129.4,4128.1,4128.3,178
2025-11-12 03:23:00+00:00,4128.3,4128.9,4127.8,4128.4,91
2025-11-12 03:24:00+00:00,4128.3,4128.6,4126.8,4127.5,163
2025-11-12 03:25:00+00:00,4127.2,4127.7,4126.2,4126.3,257
2025-11-12 03:26:00+00:00,4126.4,4127.6,4125.7,4127.1,305
2025-11-12 03:27:00+00:00,4127.2,4127.3,4126.2,4126.4,143
2025-11-12 03:28:00+00:00,4126.6,4126.6,4125.3,4125.3,220
2025-11-12 03:29:00+00:00,4125.5,4125.6,4124.7,4125.0,344
2025-11-12 03:30:00+00:00,4125.0,4125.2,4123.5,4123.8,377
2025-11-12 03:31:00+00:00,4123.8,4125.7,4123.7,4125.7,312
2025-11-12 03:32:00+00:00,4125.7,4125.7,4124.1,4125.2,216
2025-11-12 03:33:00+00:00,4125.4,4126.2,4125.2,4126.1,275
2025-11-12 03:34:00+00:00,4126.1,4126.5,4125.3,4125.6,125
2025-11-12 03:35:00+00:00,4125.8,4126.7,4125.7,4125.7,108
2025-11-12 03:36:00+00:00,4125.9,4126.9,4125.8,4126.7,140
2025-11-12 03:37:00+00:00,4126.8,4127.5,4126.8,4127.0,160
2025-11-12 03:38:00+00:00,4127.1,4127.1,4125.9,4126.1,128
2025-11-12 03:39:00+00:00,4126.1,4126.4,4125.0,4125.6,152
2025-11-12 03:40:00+00:00,4125.4,4126.3,4125.4,4125.8,92
2025-11-12 03:41:00+00:00,4125.8,4126.5,4125.6,4126.2,74
2025-11-12 03:42:00+00:00,4126.0,4126.3,4125.6,4126.1,77
2025-11-12 03:43:00+00:00,4126.1,4126.1,4125.7,4126.1,38
2025-11-12 03:44:00+00:00,4126.1,4126.4,4126.0,4126.2,80
2025-11-12 03:45:00+00:00,4126.2,4127.3,4125.0,4125.9,249
2025-11-12 03:46:00+00:00,4125.8,4125.9,4125.0,4125.4,198
2025-11-12 03:47:00+00:00,4125.3,4125.3,4123.4,4124.8,360
2025-11-12 03:48:00+00:00,4124.7,4124.8,4123.2,4123.5,200
2025-11-12 03:49:00+00:00,4123.3,4124.0,4123.0,4123.5,282
2025-11-12 03:50:00+00:00,4123.3,4123.9,4121.3,4121.6,665
2025-11-12 03:51:00+00:00,4121.5,4122.4,4121.1,4121.7,326
2025-11-12 03:52:00+00:00,4121.6,4121.8,4119.1,4119.9,989
2025-11-12 03:53:00+00:00,4119.9,4121.5,4119.4,4120.6,508
2025-11-12 03:54:00+00:00,4120.8,4120.9,4119.2,4119.4,212
2025-11-12 03:55:00+00:00,4119.3,4119.5,4117.5,4118.7,717
2025-11-12 03:56:00+00:00,4119.1,4119.2,4117.6,4118.4,536
2025-11-12 03:57:00+00:00,4118.2,4119.7,4118.2,4118.6,502
2025-11-12 03:58:00+00:00,4118.6,4119.8,4118.5,4119.1,264
2025-11-12 03:59:00+00:00,4119.3,4119.6,4117.6,4117.9,353
2025-11-12 04:00:00+00:00,4117.7,4119.1,4117.1,4117.3,626
2025-11-12 04:01:00+00:00,4117.2,4118.8,4117.0,4117.6,434
2025-11-12 04:02:00+00:00,4117.5,4118.2,4116.0,4116.3,430
2025-11-12 04:03:00+00:00,4116.3,4116.9,4114.5,4114.8,899
2025-11-12 04:04:00+00:00,4114.7,4115.5,4112.8,4114.1,1170
2025-11-12 04:05:00+00:00,4114.1,4114.1,4110.7,4111.4,1181
2025-11-12 04:06:00+00:00,4111.2,4112.7,4109.6,4110.6,1020
2025-11-12 04:07:00+00:00,4110.5,4113.0,4110.5,4112.7,835
2025-11-12 04:08:00+00:00,4112.7,4113.3,4111.7,4112.9,410
2025-11-12 04:09:00+00:00,4112.8,4113.0,4111.4,4112.3,437
2025-11-12 04:10:00+00:00,4112.2,4112.8,4110.7,4111.2,373
2025-11-12 04:11:00+00:00,4111.4,4112.8,4111.3,4111.5,318
2025-11-12 04:12:00+00:00,4111.7,4113.0,4111.7,4112.6,271
2025-11-12 04:13:00+00:00,4112.7,4114.8,4112.7,4114.7,618
2025-11-12 04:14:00+00:00,4114.6,4115.9,4114.0,4115.7,525
2025-11-12 04:15:00+00:00,4115.7,4116.6,4115.2,4115.8,517
2025-11-12 04:16:00+00:00,4115.7,4115.7,4113.0,4113.8,457
2025-11-12 04:17:00+00:00,4113.8,4113.9,4111.6,4112.1,330
2025-11-12 04:18:00+00:00,4112.2,4113.3,4110.7,4111.1,451
2025-11-12 04:19:00+00:00,4111.1,4114.5,4111.1,4113.9,561
2025-11-12 04:20:00+00:00,4113.7,4114.2,4112.7,4113.0,290
2025-11-12 04:21:00+00:00,4113.1,4114.3,4112.6,4113.7,236
2025-11-12 04:22:00+00:00,4113.8,4115.2,4113.7,4115.2,301
2025-11-12 04:23:00+00:00,4115.0,4116.0,4114.8,4115.3,282
2025-11-12 04:24:00+00:00,4115.3,4116.1,4114.8,4115.9,225
2025-11-12 04:25:00+00:00,4115.8,4116.1,4115.5,4116.1,155
2025-11-12 04:26:00+00:00,4116.1,4116.4,4114.7,4114.9,272
2025-11-12 04:27:00+00:00,4115.0,4115.4,4114.4,4115.2,201
2025-11-12 04:28:00+00:00,4115.2,4117.1,4115.0,4116.9,328
2025-11-12 04:29:00+00:00,4117.1,4118.0,4116.4,4117.8,398
2025-11-12 04:30:00+00:00,4117.7,4118.5,4116.7,4118.0,509
2025-11-12 04:31:00+00:00,4118.0,4118.3,4117.4,4117.9,297
2025-11-12 04:32:00+00:00,4117.8,4118.7,4117.7,4118.5,253
2025-11-12 04:33:00+00:00,4118.7,4118.7,4115.4,4116.0,669
2025-11-12 04:34:00+00:00,4116.1,4116.1,4113.3,4114.3,616
2025-11-12 04:35:00+00:00,4114.3,4114.4,4113.0,4114.2,271
2025-11-12 04:36:00+00:00,4114.2,4115.0,4113.0,4113.2,313
2025-11-12 04:37:00+00:00,4113.2,4114.5,4112.4,4114.2,365
2025-11-12 04:38:00+00:00,4114.3,4114.9,4113.3,4114.5,311
2025-11-12 04:39:00+00:00,4114.4,4114.5,4112.5,4112.8,172
2025-11-12 04:40:00+00:00,4112.5,4113.2,4112.0,4113.0,356
2025-11-12 04:41:00+00:00,4112.9,4113.8,4111.3,4113.7,469
2025-11-12 04:42:00+00:00,4113.6,4114.9,4113.6,4113.9,276
2025-11-12 04:43:00+00:00,4114.1,4114.1,4112.9,4113.3,191
2025-11-12 04:44:00+00:00,4113.2,4113.8,4113.1,4113.4,126
2025-11-12 04:45:00+00:00,4113.5,4114.8,4113.3,4114.8,153
2025-11-12 04:46:00+00:00,4114.5,4115.6,4114.3,4114.8,345
2025-11-12 04:47:00+00:00,4114.6,4115.6,4114.2,4115.6,180
2025-11-12 04:48:00+00:00,4115.5,4116.3,4114.8,4116.3,274
2025-11-12 04:49:00+00:00,4116.2,4116.9,4116.2,4116.9,225
2025-11-12 04:50:00+00:00,4116.9,4117.6,4116.5,4116.7,383
2025-11-12 04:51:00+00:00,4116.5,4117.1,4115.5,4116.4,254
2025-11-12 04:52:00+00:00,4116.3,4118.0,4116.1,4118.0,283
2025-11-12 04:53:00+00:00,4118.0,4118.3,4117.4,4117.9,327
2025-11-12 04:54:00+00:00,4117.7,4117.7,4116.6,4117.5,138
2025-11-12 04:55:00+00:00,4117.5,4117.5,4115.6,4116.2,314
2025-11-12 04:56:00+00:00,4116.1,4116.7,4115.9,4116.4,93
2025-11-12 04:57:00+00:00,4116.6,4117.0,4116.5,4116.9,78
2025-11-12 04:58:00+00:00,4117.0,4117.1,4116.4,4116.6,77
2025-11-12 04:59:00+00:00,4116.5,4117.1,4116.2,4116.3,138
2025-11-12 05:00:00+00:00,4116.5,4116.9,4115.0,4115.3,466
2025-11-12 05:01:00+00:00,4115.1,4115.1,4112.4,4112.7,602
2025-11-12 05:02:00+00:00,4112.8,4112.9,4111.5,4111.9,403
2025-11-12 05:03:00+00:00,4112.0,4114.6,4112.0,4114.3,302
2025-11-12 05:04:00+00:00,4114.3,4115.3,4114.3,4114.8,164
2025-11-12 05:05:00+00:00,4114.6,4115.5,4114.0,4114.0,122
2025-11-12 05:06:00+00:00,4114.0,4114.4,4113.3,4114.1,171
2025-11-12 05:07:00+00:00,4114.2,4115.7,4114.2,4115.4,218
2025-11-12 05:08:00+00:00,4115.3,4115.4,4114.3,4114.8,154
2025-11-12 05:09:00+00:00,4114.8,4115.1,4114.2,4115.0,67
2025-11-12 05:10:00+00:00,4114.8,4114.9,4113.2,4113.5,134
2025-11-12 05:11:00+00:00,4113.7,4114.0,4112.6,4113.5,155
2025-11-12 05:12:00+00:00,4113.5,4115.0,4113.5,4115.0,231
2025-11-12 05:13:00+00:00,4114.8,4115.5,4114.6,4115.3,116
2025-11-12 05:14:00+00:00,4115.4,4115.4,4113.5,4113.7,244
2025-11-12 05:15:00+00:00,4113.6,4114.4,4113.6,4114.1,109
2025-11-12 05:16:00+00:00,4114.1,4114.4,4113.4,4113.4,109
2025-11-12 05:17:00+00:00,4113.4,4113.8,4111.8,4112.5,403
2025-11-12 05:18:00+00:00,4112.5,4112.5,4110.8,4111.5,485
2025-11-12 05:19:00+00:00,4111.6,4113.8,4111.6,4113.6,237
2025-11-12 05:20:00+00:00,4113.4,4113.6,4112.0,4112.1,168
2025-11-12 05:21:00+00:00,4112.2,4114.1,4111.9,4114.0,136
2025-11-12 05:22:00+00:00,4114.1,4115.7,4114.1,4115.3,325
2025-11-12 05:23:00+00:00,4115.1,4115.6,4114.1,4114.3,192
2025-11-12 05:24:00+00:00,4114.1,4115.3,4113.9,4115.1,165
2025-11-12 05:25:00+00:00,4115.1,4115.3,4112.8,4113.3,357
2025-11-12 05:26:00+00:00,4113.4,4113.4,4111.9,4112.6,178
2025-11-12 05:27:00+00:00,4112.5,4113.6,4112.3,4113.1,131
2025-11-12 05:28:00+00:00,4113.3,4113.4,4112.2,4113.1,125
2025-11-12 05:29:00+00:00,4113.0,4113.0,4110.5,4111.0,325
2025-11-12 05:30:00+00:00,4111.2,4111.3,4108.1,4109.6,1504
2025-11-12 05:31:00+00:00,4109.4,4111.2,4104.9,4106.8,1654
2025-11-12 05:32:00+00:00,4106.8,4108.5,4105.4,4105.4,771
2025-11-12 05:33:00+00:00,4105.6,4108.2,4104.4,4107.1,791
2025-11-12 05:34:00+00:00,4107.0,4109.3,4106.6,4107.9,592
2025-11-12 05:35:00+00:00,4107.6,4111.4,4107.4,4111.3,589
2025-11-12 05:36:00+00:00,4111.3,4112.7,4110.7,4112.0,585
2025-11-12 05:37:00+00:00,4112.2,4113.7,4111.6,4112.2,423
2025-11-12 05:38:00+00:00,4112.2,4112.9,4111.9,4112.6,163
2025-11-12 05:39:00+00:00,4112.7,4113.7,4111.8,4113.5,332
2025-11-12 05:40:00+00:00,4113.5,4113.5,4110.6,4111.5,324
2025-11-12 05:41:00+00:00,4111.6,4112.3,4111.0,4111.7,159
2025-11-12 05:42:00+00:00,4112.0,4112.7,4110.0,4110.4,258
2025-11-12 05:43:00+00:00,4110.2,4110.4,4109.0,4109.8,284
2025-11-12 05:44:00+00:00,4109.9,4111.3,4109.5,4110.8,193
2025-11-12 05:45:00+00:00,4110.8,4111.1,4108.7,4109.6,283
2025-11-12 05:46:00+00:00,4109.8,4110.5,4108.6,4110.0,289
2025-11-12 05:47:00+00:00,4110.1,4111.3,4109.4,4109.4,179
2025-11-12 05:48:00+00:00,4109.3,4109.7,4108.3,4109.5,173
2025-11-12 05:49:00+00:00,4109.5,4109.5,4107.9,4108.5,255
2025-11-12 05:50:00+00:00,4108.4,4111.2,4108.4,4110.3,357
2025-11-12 05:51:00+00:00,4109.9,4111.4,4109.8,4110.5,229
2025-11-12 05:52:00+00:00,4110.7,4111.6,4109.6,4111.5,172
2025-11-12 05:53:00+00:00,4111.7,4112.7,4111.0,4112.4,392
2025-11-12 05:54:00+00:00,4112.3,4113.1,4111.9,4112.1,314
2025-11-12 05:55:00+00:00,4112.4,4112.7,4111.1,4112.7,188
2025-11-12 05:56:00+00:00,4112.7,4113.1,4109.7,4110.0,388
2025-11-12 05:57:00+00:00,4110.1,4111.5,4109.8,4109.8,224
2025-11-12 05:58:00+00:00,4109.8,4110.0,4109.0,4109.5,219
2025-11-12 05:59:00+00:00,4109.6,4110.6,4109.4,4110.2,96
2025-11-12 06:00:00+00:00,4110.3,4111.0,4109.0,4110.7,374
2025-11-12 06:01:00+00:00,4110.7,4111.3,4108.9,4109.4,181
2025-11-12 06:02:00+00:00,4109.4,4111.7,4109.1,4111.4,278
2025-11-12 06:03:00+00:00,4111.2,4111.7,4111.0,4111.5,102
2025-11-12 06:04:00+00:00,4111.5,4111.9,4110.0,4111.0,333
2025-11-12 06:05:00+00:00,4110.9,4113.7,4110.7,4112.8,425
2025-11-12 06:06:00+00:00,4112.9,4114.2,4111.9,4114.2,528
2025-11-12 06:07:00+00:00,4114.2,4115.7,4113.5,4115.1,647
2025-11-12 06:08:00+00:00,4114.9,4115.4,4112.6,4112.9,531
2025-11-12 06:09:00+00:00,4113.1,4113.4,4111.0,4112.4,291
2025-11-12 06:10:00+00:00,4112.6,4112.7,4110.6,4111.2,384
2025-11-12 06:11:00+00:00,4111.2,4111.9,4109.4,4110.7,363
2025-11-12 06:12:00+00:00,4110.6,4111.6,4110.6,4111.2,180
2025-11-12 06:13:00+00:00,4111.4,4112.2,4110.4,4110.8,278
2025-11-12 06:14:00+00:00,4110.5,4111.7,4110.3,4111.6,141
2025-11-12 06:15:00+00:00,4111.8,4113.2,4111.5,4112.7,380
2025-11-12 06:16:00+00:00,4112.8,4113.9,4112.5,4113.2,243
2025-11-12 06:17:00+00:00,4113.4,4114.9,4113.1,4114.8,280
2025-11-12 06:18:00+00:00,4115.0,4115.0,4114.0,4114.2,170
2025-11-12 06:19:00+00:00,4114.1,4114.5,4113.3,4114.4,233
2025-11-12 06:20:00+00:00,4114.5,4115.9,4113.9,4115.9,291
2025-11-12 06:21:00+00:00,4116.0,4116.2,4114.7,4115.0,300
2025-11-12 06:22:00+00:00,4115.1,4117.3,4114.9,4117.0,443
2025-11-12 06:23:00+00:00,4116.8,4117.9,4116.5,4117.7,435
2025-11-12 06:24:00+00:00,4117.7,4118.3,4117.0,4117.9,533
2025-11-12 06:25:00+00:00,4118.0,4120.4,4118.0,4119.5,997
2025-11-12 06:26:00+00:00,4119.5,4120.0,4118.4,4118.8,481
2025-11-12 06:27:00+00:00,4118.9,4121.4,4118.7,4120.9,618
2025-11-12 06:28:00+00:00,4120.9,4121.5,4120.2,4120.9,409
2025-11-12 06:29:00+00:00,4120.9,4121.7,4120.1,4120.5,313
2025-11-12 06:30:00+00:00,4120.4,4121.2,4119.8,4121.0,354
2025-11-12 06:31:00+00:00,4121.2,4121.9,4120.0,4120.2,392
2025-11-12 06:32:00+00:00,4120.3,4121.5,4119.9,4120.1,310
2025-11-12 06:33:00+00:00,4120.1,4120.2,4117.0,4117.8,640
2025-11-12 06:34:00+00:00,4117.8,4121.6,4117.5,4121.3,609
2025-11-12 06:35:00+00:00,4121.4,4122.0,4120.8,4121.1,461
2025-11-12 06:36:00+00:00,4121.2,4122.5,4119.7,4122.2,814
2025-11-12 06:37:00+00:00,4122.1,4122.2,4121.3,4121.9,303
2025-11-12 06:38:00+00:00,4121.7,4123.3,4120.8,4123.2,477
2025-11-12 06:39:00+00:00,4123.3,4124.2,4122.6,4122.8,721
2025-11-12 06:40:00+00:00,4122.7,4122.9,4121.4,4121.6,334
2025-11-12 06:41:00+00:00,4121.5,4122.3,4120.4,4121.2,367
2025-11-12 06:42:00+00:00,4121.5,4123.0,4121.5,4123.0,181
2025-11-12 06:43:00+00:00,4123.1,4123.5,4122.6,4123.2,157
2025-11-12 06:44:00+00:00,4123.1,4123.6,4122.0,4122.1,309
2025-11-12 06:45:00+00:00,4122.3,4122.7,4121.6,4121.8,174
2025-11-12 06:46:00+00:00,4121.9,4122.5,4119.9,4120.1,380
2025-11-12 06:47:00+00:00,4119.9,4120.6,4119.1,4119.2,330
2025-11-12 06:48:00+00:00,4119.2,4120.9,4118.6,4120.4,309
2025-11-12 06:49:00+00:00,4120.2,4120.8,4119.8,4120.2,188
2025-11-12 06:50:00+00:00,4120.2,4120.4,4118.5,4118.8,217
2025-11-12 06:51:00+00:00,4119.0,4120.4,4118.6,4120.0,193
2025-11-12 06:52:00+00:00,4120.1,4120.8,4119.8,4120.7,183
2025-11-12 06:53:00+00:00,4120.7,4121.9,4120.5,4121.9,230
2025-11-12 06:54:00+00:00,4121.7,4122.3,4121.0,4121.2,360
2025-11-12 06:55:00+00:00,4121.6,4123.5,4121.6,4123.5,271
2025-11-12 06:56:00+00:00,4123.4,4123.7,4122.1,4122.3,206
2025-11-12 06:57:00+00:00,4122.3,4122.8,4121.9,4122.7,127
2025-11-12 06:58:00+00:00,4122.7,4124.0,4122.3,4123.8,249
2025-11-12 06:59:00+00:00,4123.7,4123.9,4123.3,4123.9,151
2025-11-12 07:00:00+00:00,4123.8,4123.9,4122.8,4123.0,284
2025-11-12 07:01:00+00:00,4123.0,4124.2,4121.3,4121.6,497
2025-11-12 07:02:00+00:00,4121.7,4122.2,4121.0,4121.8,305
2025-11-12 07:03:00+00:00,4121.8,4121.9,4120.5,4121.5,232
2025-11-12 07:04:00+00:00,4121.7,4123.1,4121.6,4123.1,216
2025-11-12 07:05:00+00:00,4123.1,4126.4,4123.1,4125.8,830
2025-11-12 07:06:00+00:00,4125.9,4126.1,4124.0,4125.6,424
2025-11-12 07:07:00+00:00,4125.6,4125.9,4125.0,4125.4,160
2025-11-12 07:08:00+00:00,4125.3,4126.9,4125.1,4126.5,345
2025-11-12 07:09:00+00:00,4126.7,4127.8,4126.7,4127.4,340
2025-11-12 07:10:00+00:00,4127.5,4129.4,4127.5,4128.9,792
2025-11-12 07:11:00+00:00,4128.8,4130.5,4128.6,4129.7,732
2025-11-12 07:12:00+00:00,4129.8,4130.4,4129.1,4130.4,334
2025-11-12 07:13:00+00:00,4130.3,4130.3,4128.9,4129.5,322
2025-11-12 07:14:00+00:00,4129.2,4130.7,4129.0,4130.4,381
2025-11-12 07:15:00+00:00,4130.4,4130.9,4129.3,4130.0,239
2025-11-12 07:16:00+00:00,4130.1,4130.2,4129.0,4129.4,189
2025-11-12 07:17:00+00:00,4129.2,4130.0,4129.2,4129.3,158
2025-11-12 07:18:00+00:00,4129.7,4129.8,4128.7,4129.4,191
2025-11-12 07:19:00+00:00,4129.5,4129.5,4128.3,4129.2,307
2025-11-12 07:20:00+00:00,4129.0,4129.2,4127.8,4128.5,237
2025-11-12 07:21:00+00:00,4128.3,4128.3,4127.1,4127.2,237
2025-11-12 07:22:00+00:00,4127.1,4127.9,4126.5,4127.8,302
2025-11-12 07:23:00+00:00,4127.7,4128.6,4127.4,4128.4,206
2025-11-12 07:24:00+00:00,4128.4,4128.4,4127.6,4127.7,135
2025-11-12 07:25:00+00:00,4127.7,4127.7,4126.7,4126.8,212
2025-11-12 07:26:00+00:00,4126.7,4127.1,4126.3,4127.0,135
2025-11-12 07:27:00+00:00,4126.8,4128.2,4126.7,4127.7,161
2025-11-12 07:28:00+00:00,4127.8,4129.2,4127.7,4128.1,231
2025-11-12 07:29:00+00:00,4128.3,4129.8,4128.3,4129.4,231
2025-11-12 07:30:00+00:00,4129.2,4129.5,4127.6,4127.9,223
2025-11-12 07:31:00+00:00,4128.1,4128.2,4126.5,4127.1,227
2025-11-12 07:32:00+00:00,4126.8,4126.8,4125.7,4126.0,221
2025-11-12 07:33:00+00:00,4126.1,4127.1,4126.0,4126.3,130
2025-11-12 07:34:00+00:00,4126.5,4126.8,4123.9,4124.6,447
2025-11-12 07:35:00+00:00,4124.5,4125.1,4123.2,4123.2,603
2025-11-12 07:36:00+00:00,4123.3,4124.4,4122.6,4123.3,385
2025-11-12 07:37:00+00:00,4123.3,4123.9,4121.6,4122.1,362
2025-11-12 07:38:00+00:00,4122.1,4123.1,4121.5,4122.5,309
2025-11-12 07:39:00+00:00,4122.3,4123.0,4121.3,4122.3,265
2025-11-12 07:40:00+00:00,4122.1,4123.0,4121.6,4122.9,183
2025-11-12 07:41:00+00:00,4123.1,4123.9,4122.0,4122.3,278
2025-11-12 07:42:00+00:00,4122.3,4122.4,4119.8,4120.6,569
2025-11-12 07:43:00+00:00,4120.8,4120.9,4119.0,4119.5,440
2025-11-12 07:44:00+00:00,4119.5,4120.1,4118.8,4119.6,279
2025-11-12 07:45:00+00:00,4119.6,4120.3,4118.9,4120.3,219
2025-11-12 07:46:00+00:00,4119.8,4120.1,4118.4,4119.4,226
2025-11-12 07:47:00+00:00,4119.4,4121.1,4119.2,4120.5,247
2025-11-12 07:48:00+00:00,4120.6,4122.9,4120.5,4122.9,356
2025-11-12 07:49:00+00:00,4122.7,4123.3,4122.5,4123.2,186
2025-11-12 07:50:00+00:00,4123.1,4123.9,4122.3,4122.8,337
2025-11-12 07:51:00+00:00,4122.7,4124.5,4122.6,4123.5,309
2025-11-12 07:52:00+00:00,4123.4,4124.3,4123.0,4123.9,184
2025-11-12 07:53:00+00:00,4123.8,4123.8,4122.2,4122.5,159
2025-11-12 07:54:00+00:00,4122.6,4123.0,4121.1,4122.1,326
2025-11-12 07:55:00+00:00,4122.0,4123.6,4121.5,4123.2,207
2025-11-12 07:56:00+00:00,4123.3,4123.5,4122.4,4122.5,157
2025-11-12 07:57:00+00:00,4122.1,4122.9,4121.8,4122.8,126
2025-11-12 07:58:00+00:00,4122.7,4123.2,4122.3,4122.8,103
2025-11-12 07:59:00+00:00,4122.7,4123.3,4122.1,4122.3,101
2025-11-12 08:00:00+00:00,4122.6,4123.8,4121.8,4123.7,338
2025-11-12 08:01:00+00:00,4123.6,4124.7,4123.0,4123.6,310
2025-11-12 08:02:00+00:00,4123.7,4123.8,4121.7,4122.7,273
2025-11-12 08:03:00+00:00,4122.7,4123.0,4121.2,4122.4,221
2025-11-12 08:04:00+00:00,4122.6,4123.7,4122.4,4122.5,136
2025-11-12 08:05:00+00:00,4122.7,4122.9,4121.5,4121.5,111
2025-11-12 08:06:00+00:00,4121.7,4121.7,4119.9,4121.1,364
2025-11-12 08:07:00+00:00,4121.0,4121.0,4118.7,4120.0,373
2025-11-12 08:08:00+00:00,4120.0,4120.8,4117.3,4120.4,923
2025-11-12 08:09:00+00:00,4120.3,4120.9,4119.0,4119.5,211
2025-11-12 08:10:00+00:00,4119.5,4120.2,4117.4,4118.1,274
2025-11-12 08:11:00+00:00,4117.7,4120.6,4117.7,4119.5,366
2025-11-12 08:12:00+00:00,4119.6,4122.4,4119.6,4122.1,295
2025-11-12 08:13:00+00:00,4122.3,4123.8,4121.3,4122.9,437
2025-11-12 08:14:00+00:00,4123.1,4125.2,4123.1,4124.1,578
2025-11-12 08:15:00+00:00,4124.0,4125.3,4122.7,4123.3,500
2025-11-12 08:16:00+00:00,4123.1,4123.9,4122.6,4123.9,251
2025-11-12 08:17:00+00:00,4123.9,4125.8,4123.7,4125.6,336
2025-11-12 08:18:00+00:00,4125.8,4127.2,4125.4,4126.7,741
2025-11-12 08:19:00+00:00,4126.5,4127.9,4125.5,4127.7,386
2025-11-12 08:20:00+00:00,4127.4,4129.6,4127.4,4129.4,409
2025-11-12 08:21:00+00:00,4129.3,4130.4,4128.8,4129.7,360
2025-11-12 08:22:00+00:00,4129.8,4132.6,4129.7,4132.3,821
2025-11-12 08:23:00+00:00,4132.2,4132.6,4131.0,4132.6,334
2025-11-12 08:24:00+00:00,4132.6,4135.2,4132.5,4134.8,1062
2025-11-12 08:25:00+00:00,4134.7,4136.0,4134.2,4135.9,522
2025-11-12 08:26:00+00:00,4136.0,4136.0,4133.7,4133.8,421
2025-11-12 08:27:00+00:00,4133.7,4134.0,4132.5,4133.2,361
2025-11-12 08:28:00+00:00,4133.1,4134.7,4133.0,4134.6,265
2025-11-12 08:29:00+00:00,4134.5,4134.6,4132.9,4133.4,283
2025-11-12 08:30:00+00:00,4133.4,4134.1,4132.0,4132.2,308
2025-11-12 08:31:00+00:00,4132.1,4134.6,4131.7,4134.1,318
2025-11-12 08:32:00+00:00,4134.0,4135.0,4132.8,4134.5,332
2025-11-12 08:33:00+00:00,4134.5,4134.6,4133.6,4134.0,196
2025-11-12 08:34:00+00:00,4134.0,4134.4,4133.5,4134.0,245
2025-11-12 08:35:00+00:00,4134.0,4136.1,4133.9,4134.7,406
2025-11-12 08:36:00+00:00,4134.5,4136.5,4133.7,4136.4,307
2025-11-12 08:37:00+00:00,4136.4,4138.1,4135.3,4136.8,652
2025-11-12 08:38:00+00:00,4136.8,4136.9,4135.0,4135.9,301
2025-11-12 08:39:00+00:00,4136.0,4136.2,4134.5,4134.6,227
2025-11-12 08:40:00+00:00,4134.6,4134.6,4132.3,4132.7,298
2025-11-12 08:41:00+00:00,4132.9,4133.9,4132.4,4133.6,146
2025-11-12 08:42:00+00:00,4133.8,4135.3,4133.8,4134.3,179
2025-11-12 08:43:00+00:00,4134.3,4135.1,4133.9,4134.9,199
2025-11-12 08:44:00+00:00,4134.9,4135.1,4133.5,4133.9,132
2025-11-12 08:45:00+00:00,4134.3,4135.0,4134.0,4135.0,96
2025-11-12 08:46:00+00:00,4134.8,4135.5,4134.4,4134.6,107
2025-11-12 08:47:00+00:00,4134.8,4136.0,4134.7,4135.6,142
2025-11-12 08:48:00+00:00,4135.4,4135.5,4134.8,4135.3,93
2025-11-12 08:49:00+00:00,4135.8,4136.8,4135.6,4136.5,322
2025-11-12 08:50:00+00:00,4136.3,4137.9,4136.3,4137.5,251
2025-11-12 08:51:00+00:00,4137.3,4138.1,4136.5,4136.6,328
2025-11-12 08:52:00+00:00,4136.7,4137.2,4135.4,4135.6,200
2025-11-12 08:53:00+00:00,4135.7,4136.4,4135.4,4135.8,100
2025-11-12 08:54:00+00:00,4135.7,4136.0,4134.6,4134.9,165
2025-11-12 08:55:00+00:00,4134.9,4136.3,4134.9,4135.5,157
2025-11-12 08:56:00+00:00,4135.3,4135.4,4134.2,4134.3,116
2025-11-12 08:57:00+00:00,4134.5,4135.8,4134.5,4135.5,95
2025-11-12 08:58:00+00:00,4135.8,4136.6,4135.4,4136.4,82
2025-11-12 08:59:00+00:00,4136.6,4137.3,4136.4,4136.8,148
2025-11-12 09:00:00+00:00,4136.7,4137.1,4136.3,4137.1,142
2025-11-12 09:01:00+00:00,4136.7,4138.6,4136.7,4138.0,370
2025-11-12 09:02:00+00:00,4138.1,4139.4,4138.0,4138.7,351
2025-11-12 09:03:00+00:00,4138.7,4138.8,4137.5,4137.5,162
2025-11-12 09:04:00+00:00,4137.6,4138.4,4136.8,4137.1,145
2025-11-12 09:05:00+00:00,4137.2,4137.8,4136.0,4136.2,267
2025-11-12 09:06:00+00:00,4136.2,4137.0,4135.9,4136.0,126
2025-11-12 09:07:00+00:00,4136.0,4136.3,4135.3,4136.2,141
2025-11-12 09:08:00+00:00,4136.3,4137.1,4136.2,4136.5,100
2025-11-12 09:09:00+00:00,4136.7,4136.7,4135.1,4135.6,122
2025-11-12 09:10:00+00:00,4135.5,4135.8,4134.3,4134.5,248
2025-11-12 09:11:00+00:00,4134.5,4135.0,4133.6,4133.8,204
2025-11-12 09:12:00+00:00,4133.9,4133.9,4132.7,4133.1,320
2025-11-12 09:13:00+00:00,4133.2,4134.2,4132.9,4134.0,189
2025-11-12 09:14:00+00:00,4134.0,4134.7,4133.8,4134.0,143
2025-11-12 09:15:00+00:00,4134.2,4136.1,4134.2,4135.8,186
2025-11-12 09:16:00+00:00,4136.0,4138.2,4135.5,4137.8,399
2025-11-12 09:17:00+00:00,4137.7,4138.0,4135.8,4135.9,207
2025-11-12 09:18:00+00:00,4136.0,4136.1,4134.6,4134.6,150
2025-11-12 09:19:00+00:00,4134.7,4135.1,4133.4,4133.4,177
2025-11-12 09:20:00+00:00,4133.6,4134.9,4133.5,4134.0,199
2025-11-12 09:21:00+00:00,4133.8,4134.7,4132.2,4133.1,380
2025-11-12 09:22:00+00:00,4133.0,4135.7,4133.0,4133.9,282
2025-11-12 09:23:00+00:00,4134.2,4134.6,4133.9,4134.1,102
2025-11-12 09:24:00+00:00,4134.0,4134.8,4133.9,4134.0,93
2025-11-12 09:25:00+00:00,4134.0,4134.0,4131.9,4132.2,285
2025-11-12 09:26:00+00:00,4132.4,4132.8,4130.2,4130.3,697
2025-11-12 09:27:00+00:00,4130.4,4131.3,4130.2,4130.5,266
2025-11-12 09:28:00+00:00,4130.5,4132.7,4129.6,4132.4,397
2025-11-12 09:29:00+00:00,4132.4,4133.4,4132.0,4132.7,221
2025-11-12 09:30:00+00:00,4132.6,4134.9,4132.5,4134.9,245
2025-11-12 09:31:00+00:00,4134.9,4135.3,4133.6,4134.2,248
2025-11-12 09:32:00+00:00,4134.0,4134.0,4132.6,4132.8,169
2025-11-12 09:33:00+00:00,4132.7,4133.7,4132.5,4133.0,125
2025-11-12 09:34:00+00:00,4133.2,4133.5,4131.1,4131.3,245
2025-11-12 09:35:00+00:00,4131.2,4131.8,4129.7,4130.7,282
2025-11-12 09:36:00+00:00,4130.5,4131.8,4130.2,4131.1,305
2025-11-12 09:37:00+00:00,4131.1,4132.3,4130.0,4130.2,363
2025-11-12 09:38:00+00:00,4130.5,4132.6,4130.2,4132.4,337
2025-11-12 09:39:00+00:00,4132.3,4134.8,4132.3,4134.1,280
2025-11-12 09:40:00+00:00,4134.3,4134.8,4132.3,4132.6,214
2025-11-12 09:41:00+00:00,4132.6,4133.7,4131.8,4132.1,117
2025-11-12 09:42:00+00:00,4132.0,4132.0,4130.0,4130.0,262
2025-11-12 09:43:00+00:00,4130.2,4131.1,4130.2,4130.8,148
2025-11-12 09:44:00+00:00,4130.7,4132.4,4130.5,4132.1,148
2025-11-12 09:45:00+00:00,4132.2,4132.7,4131.4,4132.1,108
2025-11-12 09:46:00+00:00,4132.2,4132.7,4130.8,4132.0,137
2025-11-12 09:47:00+00:00,4132.0,4132.0,4130.8,4131.0,53
2025-11-12 09:48:00+00:00,4130.7,4131.5,4130.5,4131.2,117
2025-11-12 09:49:00+00:00,4130.8,4131.8,4129.7,4129.9,148
2025-11-12 09:50:00+00:00,4130.0,4130.6,4126.7,4127.5,622
2025-11-12 09:51:00+00:00,4127.7,4128.6,4126.3,4127.2,370
2025-11-12 09:52:00+00:00,4127.2,4129.0,4126.8,4128.8,291
2025-11-12 09:53:00+00:00,4128.8,4129.9,4128.0,4129.4,278
2025-11-12 09:54:00+00:00,4129.3,4131.3,4128.7,4129.9,350
2025-11-12 09:55:00+00:00,4129.8,4131.6,4129.7,4131.1,299
2025-11-12 09:56:00+00:00,4131.0,4131.1,4129.1,4129.3,284
2025-11-12 09:57:00+00:00,4129.5,4130.1,4128.9,4129.7,146
2025-11-12 09:58:00+00:00,4129.5,4130.6,4128.4,4130.4,160
2025-11-12 09:59:00+00:00,4130.1,4131.0,4130.0,4130.5,84
2025-11-12 10:00:00+00:00,4130.4,4130.4,4129.3,4129.5,116
2025-11-12 10:01:00+00:00,4129.5,4130.6,4129.3,4130.1,169
2025-11-12 10:02:00+00:00,4129.9,4131.0,4128.7,4129.6,272
2025-11-12 10:03:00+00:00,4129.8,4131.0,4129.5,4130.7,220
2025-11-12 10:04:00+00:00,4131.1,4132.0,4130.9,4131.6,294
2025-11-12 10:05:00+00:00,4131.6,4132.4,4130.8,4131.1,160
2025-11-12 10:06:00+00:00,4131.0,4131.9,4130.5,4131.6,131
2025-11-12 10:07:00+00:00,4131.6,4131.8,4129.9,4130.0,115
2025-11-12 10:08:00+00:00,4130.1,4130.3,4128.9,4129.1,123
2025-11-12 10:09:00+00:00,4129.1,4130.9,4129.1,4130.3,112
2025-11-12 10:10:00+00:00,4130.3,4130.7,4129.3,4129.3,84
2025-11-12 10:11:00+00:00,4129.2,4129.5,4127.5,4127.7,285
2025-11-12 10:12:00+00:00,4127.8,4129.9,4127.8,4129.5,188
2025-11-12 10:13:00+00:00,4129.6,4131.0,4129.6,4130.5,104
2025-11-12 10:14:00+00:00,4130.3,4131.6,4130.1,4131.6,170
2025-11-12 10:15:00+00:00,4131.5,4132.4,4130.7,4132.2,179
2025-11-12 10:16:00+00:00,4132.3,4134.0,4132.0,4134.0,310
2025-11-12 10:17:00+00:00,4133.9,4134.5,4132.4,4133.4,375
2025-11-12 10:18:00+00:00,4133.3,4134.2,4132.5,4132.7,221
2025-11-12 10:19:00+00:00,4132.8,4133.0,4131.5,4131.5,192
2025-11-12 10:20:00+00:00,4131.6,4132.8,4131.2,4131.9,193
2025-11-12 10:21:00+00:00,4132.0,4132.3,4130.2,4131.4,202
2025-11-12 10:22:00+00:00,4131.7,4131.8,4129.7,4129.7,204
2025-11-12 10:23:00+00:00,4129.7,4130.5,4128.9,4129.1,154
2025-11-12 10:24:00+00:00,4129.2,4129.4,4128.1,4128.3,198
2025-11-12 10:25:00+00:00,4128.3,4128.3,4126.4,4126.9,436
2025-11-12 10:26:00+00:00,4126.9,4128.0,4126.5,4126.8,311
2025-11-12 10:27:00+00:00,4126.8,4129.1,4126.7,4127.7,204
2025-11-12 10:28:00+00:00,4127.7,4127.7,4126.5,4126.7,148
2025-11-12 10:29:00+00:00,4126.5,4127.2,4125.7,4126.6,461
2025-11-12 10:30:00+00:00,4126.4,4126.7,4123.3,4125.3,908
2025-11-12 10:31:00+00:00,4125.2,4128.3,4124.6,4127.5,431
2025-11-12 10:32:00+00:00,4127.7,4128.6,4127.2,4128.0,149
2025-11-12 10:33:00+00:00,4128.1,4128.2,4127.5,4127.8,103
2025-11-12 10:34:00+00:00,4127.8,4129.4,4127.5,4128.4,177
2025-11-12 10:35:00+00:00,4128.3,4128.3,4127.3,4127.9,107
2025-11-12 10:36:00+00:00,4128.0,4130.0,4128.0,4130.0,139
2025-11-12 10:37:00+00:00,4129.9,4130.8,4129.0,4130.0,325
2025-11-12 10:38:00+00:00,4130.2,4130.9,4129.7,4130.5,181
2025-11-12 10:39:00+00:00,4130.5,4131.9,4130.4,4131.4,208
2025-11-12 10:40:00+00:00,4131.4,4134.0,4131.3,4133.7,305
2025-11-12 10:41:00+00:00,4133.6,4133.7,4131.5,4132.3,257
2025-11-12 10:42:00+00:00,4132.3,4132.5,4131.2,4132.2,256
2025-11-12 10:43:00+00:00,4132.2,4132.2,4130.9,4131.7,177
2025-11-12 10:44:00+00:00,4131.4,4132.0,4131.1,4131.6,97
2025-11-12 10:45:00+00:00,4131.7,4133.7,4131.7,4133.2,247
2025-11-12 10:46:00+00:00,4133.4,4133.6,4131.2,4131.8,180
2025-11-12 10:47:00+00:00,4131.7,4131.8,4130.6,4131.8,142
2025-11-12 10:48:00+00:00,4131.8,4132.3,4131.6,4132.2,100
2025-11-12 10:49:00+00:00,4132.5,4133.5,4132.3,4133.2,103
2025-11-12 10:50:00+00:00,4133.1,4133.4,4132.5,4132.9,78
2025-11-12 10:51:00+00:00,4132.7,4133.1,4131.6,4132.5,172
2025-11-12 10:52:00+00:00,4132.4,4132.5,4131.4,4131.8,127
2025-11-12 10:53:00+00:00,4131.6,4131.8,4131.2,4131.7,73
2025-11-12 10:54:00+00:00,4131.4,4131.7,4130.3,4131.6,158
2025-11-12 10:55:00+00:00,4131.7,4133.3,4131.7,4133.1,143
2025-11-12 10:56:00+00:00,4133.2,4133.3,4132.8,4133.2,100
2025-11-12 10:57:00+00:00,4133.2,4134.5,4133.0,4134.3,154
2025-11-12 10:58:00+00:00,4134.3,4135.3,4134.3,4134.6,261
2025-11-12 10:59:00+00:00,4134.6,4134.6,4132.8,4133.4,228
2025-11-12 11:00:00+00:00,4133.5,4135.0,4133.5,4135.0,178
2025-11-12 11:01:00+00:00,4134.8,4135.5,4133.7,4134.6,254
2025-11-12 11:02:00+00:00,4134.5,4134.5,4133.5,4133.9,83
2025-11-12 11:03:00+00:00,4133.9,4134.2,4132.4,4132.7,124
2025-11-12 11:04:00+00:00,4132.6,4133.1,4132.3,4132.7,85
2025-11-12 11:05:00+00:00,4132.8,4133.5,4132.6,4133.4,65
2025-11-12 11:06:00+00:00,4133.4,4134.1,4133.4,4133.5,59
2025-11-12 11:07:00+00:00,4133.5,4134.1,4133.4,4134.0,53
2025-11-12 11:08:00+00:00,4134.1,4134.7,4133.8,4134.6,46
2025-11-12 11:09:00+00:00,4134.4,4135.2,4134.4,4134.8,117
2025-11-12 11:10:00+00:00,4135.0,4136.9,4134.8,4136.7,387
2025-11-12 11:11:00+00:00,4136.7,4136.7,4135.6,4135.6,123
2025-11-12 11:12:00+00:00,4135.7,4136.6,4135.1,4136.1,154
2025-11-12 11:13:00+00:00,4136.0,4136.6,4135.4,4135.9,104
2025-11-12 11:14:00+00:00,4135.8,4137.1,4135.8,4137.0,173
2025-11-12 11:15:00+00:00,4136.8,4137.1,4134.7,4134.7,194
2025-11-12 11:16:00+00:00,4134.9,4135.2,4134.3,4134.7,150
2025-11-12 11:17:00+00:00,4134.5,4135.0,4133.8,4134.6,124
2025-11-12 11:18:00+00:00,4134.7,4135.0,4134.2,4134.2,105
2025-11-12 11:19:00+00:00,4134.2,4134.3,4133.3,4133.5,122
2025-11-12 11:20:00+00:00,4133.7,4134.2,4130.6,4131.0,519
2025-11-12 11:21:00+00:00,4131.1,4131.2,4130.4,4130.5,146
2025-11-12 11:22:00+00:00,4130.3,4130.8,4128.6,4129.2,365
2025-11-12 11:23:00+00:00,4129.3,4131.3,4129.0,4131.1,213
2025-11-12 11:24:00+00:00,4131.0,4131.7,4130.7,4131.0,118
2025-11-12 11:25:00+00:00,4131.1,4132.6,4130.7,4132.6,207
2025-11-12 11:26:00+00:00,4132.5,4133.5,4130.8,4132.0,263
2025-11-12 11:27:00+00:00,4131.7,4131.9,4130.7,4130.7,98
2025-11-12 11:28:00+00:00,4130.5,4131.9,4130.0,4131.8,159
2025-11-12 11:29:00+00:00,4131.8,4131.8,4129.7,4129.8,142
2025-11-12 11:30:00+00:00,4129.6,4130.6,4129.0,4130.1,181
2025-11-12 11:31:00+00:00,4130.1,4132.8,4129.8,4132.7,204
2025-11-12 11:32:00+00:00,4132.6,4132.9,4131.7,4132.8,174
2025-11-12 11:33:00+00:00,4132.8,4133.5,4132.2,4132.6,244
2025-11-12 11:34:00+00:00,4132.4,4132.7,4132.0,4132.5,90
2025-11-12 11:35:00+00:00,4132.6,4134.0,4132.5,4133.6,105
2025-11-12 11:36:00+00:00,4133.7,4134.0,4133.2,4133.2,81
2025-11-12 11:37:00+00:00,4133.3,4133.3,4132.6,4132.7,71
2025-11-12 11:38:00+00:00,4132.8,4134.0,4132.5,4133.6,152
2025-11-12 11:39:00+00:00,4133.5,4133.7,4131.5,4132.5,225
2025-11-12 11:40:00+00:00,4132.6,4132.6,4132.0,4132.3,62
2025-11-12 11:41:00+00:00,4132.0,4132.5,4131.4,4132.1,119
2025-11-12 11:42:00+00:00,4132.3,4133.5,4132.1,4133.3,89
2025-11-12 11:43:00+00:00,4133.3,4134.2,4133.0,4133.4,205
2025-11-12 11:44:00+00:00,4133.3,4133.8,4133.2,4133.8,52
2025-11-12 11:45:00+00:00,4133.8,4134.4,4133.3,4133.6,111
2025-11-12 11:46:00+00:00,4133.6,4134.1,4133.1,4133.3,75
2025-11-12 11:47:00+00:00,4133.1,4133.8,4132.4,4133.8,128
2025-11-12 11:48:00+00:00,4133.8,4134.1,4133.0,4133.0,66
2025-11-12 11:49:00+00:00,4132.8,4133.1,4131.4,4132.0,145
2025-11-12 11:50:00+00:00,4132.0,4132.7,4131.0,4132.2,148
2025-11-12 11:51:00+00:00,4132.3,4133.5,4132.2,4133.2,84
2025-11-12 11:52:00+00:00,4133.2,4133.5,4132.3,4132.3,104
2025-11-12 11:53:00+00:00,4132.2,4132.8,4131.8,4132.7,81
2025-11-12 11:54:00+00:00,4132.6,4133.5,4132.4,4132.5,56
2025-11-12 11:55:00+00:00,4132.3,4132.4,4131.0,4131.0,154
2025-11-12 11:56:00+00:00,4131.0,4131.1,4129.0,4129.1,457
2025-11-12 11:57:00+00:00,4129.2,4131.7,4129.1,4130.2,203
2025-11-12 11:58:00+00:00,4130.1,4131.5,4129.4,4131.3,196
2025-11-12 11:59:00+00:00,4131.1,4132.5,4131.0,4131.5,284
2025-11-12 12:00:00+00:00,4131.2,4133.1,4130.8,4131.2,160
2025-11-12 12:01:00+00:00,4131.2,4131.5,4130.3,4130.5,215
2025-11-12 12:02:00+00:00,4130.3,4132.6,4130.2,4131.8,234
2025-11-12 12:03:00+00:00,4131.9,4133.7,4131.8,4133.6,195
2025-11-12 12:04:00+00:00,4133.6,4133.6,4132.2,4133.3,159
2025-11-12 12:05:00+00:00,4133.2,4135.7,4132.9,4135.7,429
2025-11-12 12:06:00+00:00,4135.5,4135.7,4134.1,4134.5,274
2025-11-12 12:07:00+00:00,4134.6,4134.9,4133.2,4133.5,127
2025-11-12 12:08:00+00:00,4133.5,4134.5,4132.6,4132.6,206
2025-11-12 12:09:00+00:00,4132.7,4133.7,4132.5,4133.7,102
2025-11-12 12:10:00+00:00,4133.8,4135.0,4133.7,4134.3,112
2025-11-12 12:11:00+00:00,4134.2,4134.7,4133.3,4134.6,123
2025-11-12 12:12:00+00:00,4134.5,4135.6,4134.0,4135.1,232
2025-11-12 12:13:00+00:00,4135.0,4135.5,4134.5,4135.3,79
2025-11-12 12:14:00+00:00,4135.3,4136.5,4135.0,4136.2,328
2025-11-12 12:15:00+00:00,4136.3,4137.5,4136.0,4137.1,338
2025-11-12 12:16:00+00:00,4136.9,4138.2,4136.9,4137.9,298
2025-11-12 12:17:00+00:00,4137.9,4138.8,4137.6,4137.8,236
2025-11-12 12:18:00+00:00,4138.0,4138.5,4137.2,4138.1,228
2025-11-12 12:19:00+00:00,4138.0,4138.5,4135.7,4137.1,281
2025-11-12 12:20:00+00:00,4137.0,4138.4,4136.8,4137.2,177
2025-11-12 12:21:00+00:00,4137.2,4139.8,4136.9,4139.6,592
2025-11-12 12:22:00+00:00,4139.5,4140.3,4139.0,4140.2,323
2025-11-12 12:23:00+00:00,4140.0,4140.2,4137.7,4138.3,268
2025-11-12 12:24:00+00:00,4138.1,4139.6,4137.9,4139.4,197
2025-11-12 12:25:00+00:00,4139.4,4141.0,4138.9,4141.0,344
2025-11-12 12:26:00+00:00,4141.0,4143.5,4140.6,4142.9,1014
2025-11-12 12:27:00+00:00,4142.7,4143.0,4141.7,4141.9,280
2025-11-12 12:28:00+00:00,4141.8,4143.2,4141.4,4142.4,339
2025-11-12 12:29:00+00:00,4142.5,4144.0,4142.2,4142.7,358
2025-11-12 12:30:00+00:00,4142.6,4144.0,4142.5,4143.4,464
2025-11-12 12:31:00+00:00,4143.3,4143.8,4142.7,4143.4,173
2025-11-12 12:32:00+00:00,4143.3,4144.5,4142.8,4144.2,403
2025-11-12 12:33:00+00:00,4144.3,4144.9,4143.9,4144.6,291
2025-11-12 12:34:00+00:00,4144.6,4146.2,4144.5,4145.1,652
2025-11-12 12:35:00+00:00,4144.9,4145.9,4143.7,4143.7,380
2025-11-12 12:36:00+00:00,4143.9,4145.3,4143.8,4144.6,253
2025-11-12 12:37:00+00:00,4144.5,4145.6,4144.2,4144.8,162
2025-11-12 12:38:00+00:00,4144.6,4145.1,4144.0,4144.5,182
2025-11-12 12:39:00+00:00,4144.3,4144.7,4143.6,4144.2,215
2025-11-12 12:40:00+00:00,4144.2,4144.2,4142.5,4142.7,397
2025-11-12 12:41:00+00:00,4142.6,4142.6,4139.8,4140.9,690
2025-11-12 12:42:00+00:00,4140.7,4141.6,4140.0,4141.2,412
2025-11-12 12:43:00+00:00,4141.3,4141.9,4140.7,4140.9,330
2025-11-12 12:44:00+00:00,4140.8,4141.4,4140.0,4140.4,307
2025-11-12 12:45:00+00:00,4140.5,4141.6,4139.5,4141.5,266
2025-11-12 12:46:00+00:00,4141.5,4142.4,4140.9,4141.5,334
2025-11-12 12:47:00+00:00,4141.4,4143.6,4141.2,4142.5,334
2025-11-12 12:48:00+00:00,4142.6,4143.0,4140.8,4140.9,213
2025-11-12 12:49:00+00:00,4141.1,4141.4,4140.2,4140.3,126
2025-11-12 12:50:00+00:00,4140.3,4140.6,4139.2,4139.3,313
2025-11-12 12:51:00+00:00,4139.2,4140.8,4139.1,4140.6,156
2025-11-12 12:52:00+00:00,4140.6,4141.2,4140.4,4141.0,138
2025-11-12 12:53:00+00:00,4140.8,4141.1,4139.0,4139.2,221
2025-11-12 12:54:00+00:00,4139.2,4139.4,4137.6,4137.8,465
2025-11-12 12:55:00+00:00,4137.8,4138.0,4136.2,4137.9,549
2025-11-12 12:56:00+00:00,4137.8,4138.5,4136.6,4136.8,299
2025-11-12 12:57:00+00:00,4136.7,4137.0,4136.1,4136.3,203
2025-11-12 12:58:00+00:00,4136.2,4137.4,4135.9,4136.9,217
2025-11-12 12:59:00+00:00,4136.9,4137.2,4136.0,4136.4,150
2025-11-12 13:00:00+00:00,4136.5,4136.5,4134.3,4134.6,582
2025-11-12 13:01:00+00:00,4134.7,4135.3,4133.1,4135.3,566
2025-11-12 13:02:00+00:00,4135.4,4136.8,4134.4,4136.1,449
2025-11-12 13:03:00+00:00,4136.3,4137.1,4135.5,4136.6,330
2025-11-12 13:04:00+00:00,4136.6,4137.4,4135.9,4137.4,260
2025-11-12 13:05:00+00:00,4137.3,4137.7,4135.1,4135.1,395
2025-11-12 13:06:00+00:00,4135.2,4136.2,4133.8,4135.9,452
2025-11-12 13:07:00+00:00,4136.2,4136.8,4134.1,4134.1,314
2025-11-12 13:08:00+00:00,4134.0,4134.2,4132.7,4133.3,468
2025-11-12 13:09:00+00:00,4133.3,4134.0,4131.4,4131.6,520
2025-11-12 13:10:00+00:00,4131.5,4131.8,4128.1,4131.7,1229
2025-11-12 13:11:00+00:00,4131.7,4133.3,4130.0,4131.1,637
2025-11-12 13:12:00+00:00,4131.1,4132.9,4129.7,4132.9,323
2025-11-12 13:13:00+00:00,4132.9,4133.2,4131.0,4132.3,379
2025-11-12 13:14:00+00:00,4132.3,4133.5,4131.6,4131.7,384
2025-11-12 13:15:00+00:00,4131.5,4133.4,4130.8,4133.4,343
2025-11-12 13:16:00+00:00,4133.2,4133.3,4131.5,4131.8,265
2025-11-12 13:17:00+00:00,4131.9,4133.0,4131.3,4132.2,188
2025-11-12 13:18:00+00:00,4131.9,4132.0,4130.5,4130.5,343
2025-11-12 13:19:00+00:00,4130.5,4130.9,4128.8,4129.4,560
2025-11-12 13:20:00+00:00,4129.4,4133.3,4129.4,4132.5,550
2025-11-12 13:21:00+00:00,4132.4,4133.0,4131.6,4133.0,211
2025-11-12 13:22:00+00:00,4133.1,4135.0,4133.1,4134.1,618
2025-11-12 13:23:00+00:00,4134.2,4135.6,4133.1,4135.2,612
2025-11-12 13:24:00+00:00,4135.1,4136.5,4134.1,4135.4,449
2025-11-12 13:25:00+00:00,4135.6,4136.5,4133.2,4134.0,513
2025-11-12 13:26:00+00:00,4134.0,4134.9,4131.7,4132.3,448
2025-11-12 13:27:00+00:00,4132.5,4134.1,4132.1,4133.7,305
2025-11-12 13:28:00+00:00,4133.7,4135.4,4133.3,4134.5,256
2025-11-12 13:29:00+00:00,4135.0,4135.4,4133.2,4133.5,198
2025-11-12 13:30:00+00:00,4133.5,4134.7,4132.5,4133.6,340
2025-11-12 13:31:00+00:00,4133.7,4134.7,4133.2,4134.4,214
2025-11-12 13:32:00+00:00,4134.4,4136.7,4134.3,4136.5,546
2025-11-12 13:33:00+00:00,4136.3,4137.0,4135.4,4136.4,345
2025-11-12 13:34:00+00:00,4136.9,4138.2,4136.6,4138.1,537
2025-11-12 13:35:00+00:00,4138.1,4139.0,4135.7,4135.8,669
2025-11-12 13:36:00+00:00,4135.7,4137.3,4134.7,4136.7,427
2025-11-12 13:37:00+00:00,4136.8,4137.5,4134.9,4135.1,334
2025-11-12 13:38:00+00:00,4135.0,4136.8,4134.5,4136.8,205
2025-11-12 13:39:00+00:00,4136.7,4136.7,4134.2,4134.4,192
2025-11-12 13:40:00+00:00,4134.3,4135.7,4133.6,4134.4,473
2025-11-12 13:41:00+00:00,4134.6,4136.0,4134.3,4134.9,212
2025-11-12 13:42:00+00:00,4135.2,4137.3,4135.2,4137.1,236
2025-11-12 13:43:00+00:00,4136.9,4137.7,4135.8,4135.8,283
2025-11-12 13:44:00+00:00,4135.9,4135.9,4134.3,4135.2,305
2025-11-12 13:45:00+00:00,4135.0,4135.3,4134.2,4134.4,173
2025-11-12 13:46:00+00:00,4134.5,4136.7,4134.3,4136.7,153
2025-11-12 13:47:00+00:00,4136.6,4137.8,4136.3,4137.3,214
2025-11-12 13:48:00+00:00,4137.2,4137.7,4135.6,4136.6,188
2025-11-12 13:49:00+00:00,4136.7,4137.4,4136.4,4136.8,138
2025-11-12 13:50:00+00:00,4136.6,4136.6,4134.7,4134.9,232
2025-11-12 13:51:00+00:00,4135.1,4135.6,4132.8,4133.2,285
2025-11-12 13:52:00+00:00,4133.0,4133.2,4131.5,4131.9,544
2025-11-12 13:53:00+00:00,4132.0,4132.9,4131.1,4131.3,322
2025-11-12 13:54:00+00:00,4131.4,4131.9,4130.4,4130.8,329
2025-11-12 13:55:00+00:00,4130.6,4132.9,4130.1,4131.9,413
2025-11-12 13:56:00+00:00,4132.1,4133.4,4131.9,4133.0,200
2025-11-12 13:57:00+00:00,4133.0,4133.3,4131.1,4131.3,236
2025-11-12 13:58:00+00:00,4131.4,4132.2,4130.7,4131.6,205
2025-11-12 13:59:00+00:00,4131.6,4133.4,4131.5,4132.9,141
2025-11-12 14:00:00+00:00,4133.0,4134.3,4132.6,4133.4,249
2025-11-12 14:01:00+00:00,4133.4,4135.3,4133.3,4134.9,275
2025-11-12 14:02:00+00:00,4134.9,4136.5,4134.9,4135.3,468
2025-11-12 14:03:00+00:00,4135.3,4138.3,4135.2,4138.3,502
2025-11-12 14:04:00+00:00,4138.2,4140.1,4137.8,4139.7,684
2025-11-12 14:05:00+00:00,4139.6,4139.6,4136.8,4137.2,616
2025-11-12 14:06:00+00:00,4137.2,4139.4,4137.0,4139.4,287
2025-11-12 14:07:00+00:00,4139.2,4141.7,4139.2,4140.1,1013
2025-11-12 14:08:00+00:00,4140.1,4141.1,4138.7,4139.7,400
2025-11-12 14:09:00+00:00,4139.5,4141.5,4139.5,4141.0,333
2025-11-12 14:10:00+00:00,4141.0,4142.4,4140.9,4141.9,553
2025-11-12 14:11:00+00:00,4141.9,4144.0,4141.9,4143.2,642
2025-11-12 14:12:00+00:00,4143.2,4144.3,4142.9,4142.9,501
2025-11-12 14:13:00+00:00,4142.9,4143.3,4141.2,4141.2,382
2025-11-12 14:14:00+00:00,4141.4,4141.8,4139.8,4141.5,475
2025-11-12 14:15:00+00:00,4141.3,4142.2,4140.7,4140.9,286
2025-11-12 14:16:00+00:00,4141.1,4142.0,4139.9,4141.5,250
2025-11-12 14:17:00+00:00,4141.6,4142.9,4141.5,4141.6,323
2025-11-12 14:18:00+00:00,4141.9,4142.0,4139.2,4139.5,488
2025-11-12 14:19:00+00:00,4139.3,4139.8,4138.2,4139.1,510
2025-11-12 14:20:00+00:00,4138.8,4140.9,4138.7,4139.6,272
2025-11-12 14:21:00+00:00,4139.6,4139.6,4137.8,4138.6,344
2025-11-12 14:22:00+00:00,4138.6,4140.3,4138.6,4139.3,183
2025-11-12 14:23:00+00:00,4139.7,4140.5,4138.7,4138.7,214
2025-11-12 14:24:00+00:00,4138.6,4140.2,4137.8,4139.0,203
2025-11-12 14:25:00+00:00,4139.0,4140.8,4138.3,4138.3,291
2025-11-12 14:26:00+00:00,4138.5,4139.7,4138.2,4138.5,147
2025-11-12 14:27:00+00:00,4138.5,4139.2,4137.8,4138.2,204
2025-11-12 14:28:00+00:00,4138.2,4140.4,4138.2,4139.8,230
2025-11-12 14:29:00+00:00,4139.7,4140.1,4137.8,4138.1,244
2025-11-12 14:30:00+00:00,4138.0,4141.0,4136.2,4139.7,963
2025-11-12 14:31:00+00:00,4139.7,4139.8,4137.1,4137.7,508
2025-11-12 14:32:00+00:00,4137.7,4137.7,4135.1,4136.1,944
2025-11-12 14:33:00+00:00,4135.8,4136.2,4133.0,4133.1,1118
2025-11-12 14:34:00+00:00,4133.5,4134.4,4130.7,4133.5,1341
2025-11-12 14:35:00+00:00,4133.3,4137.0,4132.9,4135.3,970
2025-11-12 14:36:00+00:00,4135.5,4139.6,4135.4,4139.5,926
2025-11-12 14:37:00+00:00,4139.2,4141.5,4139.0,4140.7,858
2025-11-12 14:38:00+00:00,4140.9,4144.7,4140.6,4142.8,1453
2025-11-12 14:39:00+00:00,4142.9,4143.0,4141.5,4142.2,707
2025-11-12 14:40:00+00:00,4142.0,4145.3,4140.7,4144.6,1190
2025-11-12 14:41:00+00:00,4144.5,4145.6,4143.0,4143.8,745
2025-11-12 14:42:00+00:00,4143.7,4144.5,4142.3,4143.7,462
2025-11-12 14:43:00+00:00,4143.6,4144.6,4141.2,4141.5,604
2025-11-12 14:44:00+00:00,4141.5,4142.8,4139.7,4142.3,889
2025-11-12 14:45:00+00:00,4142.3,4142.9,4139.9,4140.9,478
2025-11-12 14:46:00+00:00,4140.6,4142.9,4140.1,4140.1,517
2025-11-12 14:47:00+00:00,4140.2,4140.9,4137.6,4138.2,867
2025-11-12 14:48:00+00:00,4138.2,4140.4,4137.8,4138.8,366
2025-11-12 14:49:00+00:00,4138.9,4140.6,4138.6,4140.6,238
2025-11-12 14:50:00+00:00,4140.6,4145.2,4140.5,4143.6,1087
2025-11-12 14:51:00+00:00,4143.8,4146.6,4143.7,4143.9,1323
2025-11-12 14:52:00+00:00,4144.1,4145.6,4143.1,4145.3,503
2025-11-12 14:53:00+00:00,4145.4,4146.1,4144.1,4145.6,410
2025-11-12 14:54:00+00:00,4145.7,4146.3,4144.9,4145.6,429
2025-11-12 14:55:00+00:00,4145.7,4145.9,4144.4,4144.4,438
2025-11-12 14:56:00+00:00,4144.8,4146.8,4144.6,4146.8,600
2025-11-12 14:57:00+00:00,4146.7,4146.8,4142.5,4143.0,681
2025-11-12 14:58:00+00:00,4143.0,4143.8,4141.4,4142.5,755
2025-11-12 14:59:00+00:00,4142.4,4144.2,4141.9,4142.9,397
2025-11-12 15:00:00+00:00,4142.8,4143.2,4141.2,4143.1,593
2025-11-12 15:01:00+00:00,4142.9,4142.9,4140.6,4141.8,553
2025-11-12 15:02:00+00:00,4142.0,4144.4,4141.8,4144.0,369
2025-11-12 15:03:00+00:00,4144.4,4147.0,4144.0,4146.7,833
2025-11-12 15:04:00+00:00,4146.6,4148.6,4145.7,4148.4,1025
2025-11-12 15:05:00+00:00,4148.4,4148.9,4146.3,4147.3,967
2025-11-12 15:06:00+00:00,4147.5,4149.3,4146.6,4149.1,755
2025-11-12 15:07:00+00:00,4149.1,4151.0,4148.3,4148.5,1861
2025-11-12 15:08:00+00:00,4148.5,4149.6,4147.8,4148.9,543
2025-11-12 15:09:00+00:00,4149.1,4151.3,4148.8,4150.2,754
2025-11-12 15:10:00+00:00,4150.4,4160.3,4150.1,4158.5,5224
2025-11-12 15:11:00+00:00,4158.6,4166.2,4158.3,4165.1,3013
2025-11-12 15:12:00+00:00,4165.2,4165.8,4162.5,4162.7,1915
2025-11-12 15:13:00+00:00,4162.9,4169.0,4162.7,4168.0,1759
2025-11-12 15:14:00+00:00,4168.0,4169.3,4166.8,4169.0,1313
2025-11-12 15:15:00+00:00,4168.9,4170.0,4166.4,4168.9,1676
2025-11-12 15:16:00+00:00,4169.1,4175.5,4169.0,4173.9,2838
2025-11-12 15:17:00+00:00,4174.1,4179.0,4173.2,4176.4,2245
2025-11-12 15:18:00+00:00,4176.3,4177.2,4174.1,4174.7,1356
2025-11-12 15:19:00+00:00,4174.7,4175.2,4171.2,4173.4,1993
2025-11-12 15:20:00+00:00,4173.7,4173.7,4170.4,4171.1,1200
2025-11-12 15:21:00+00:00,4171.2,4171.3,4165.9,4167.3,2075
2025-11-12 15:22:00+00:00,4167.3,4172.4,4167.2,4170.7,1325
2025-11-12 15:23:00+00:00,4170.6,4171.6,4168.0,4171.2,719
2025-11-12 15:24:00+00:00,4171.1,4172.8,4170.7,4171.3,821
2025-11-12 15:25:00+00:00,4171.0,4172.8,4168.3,4169.4,779
2025-11-12 15:26:00+00:00,4169.4,4172.7,4168.0,4172.6,686
2025-11-12 15:27:00+00:00,4172.2,4174.7,4171.1,4174.7,900
2025-11-12 15:28:00+00:00,4174.6,4176.2,4173.6,4174.5,1124
2025-11-12 15:29:00+00:00,4174.6,4174.8,4172.9,4172.9,682
2025-11-12 15:30:00+00:00,4173.0,4175.5,4172.4,4175.5,784
2025-11-12 15:31:00+00:00,4175.3,4178.3,4174.4,4176.6,1263
2025-11-12 15:32:00+00:00,4176.7,4178.2,4176.4,4177.5,707
2025-11-12 15:33:00+00:00,4177.8,4183.7,4176.9,4182.7,2225
2025-11-12 15:34:00+00:00,4182.7,4186.3,4182.2,4184.3,2126
2025-11-12 15:35:00+00:00,4184.5,4187.0,4183.7,4186.0,1309
2025-11-12 15:36:00+00:00,4185.9,4186.3,4182.9,4183.8,1208
2025-11-12 15:37:00+00:00,4184.0,4184.9,4181.5,4182.6,1171
2025-11-12 15:38:00+00:00,4182.4,4183.9,4181.5,4183.2,715
2025-11-12 15:39:00+00:00,4183.1,4184.9,4182.9,4183.7,526
2025-11-12 15:40:00+00:00,4183.9,4184.7,4181.9,4181.9,666
2025-11-12 15:41:00+00:00,4182.0,4187.4,4181.2,4187.1,1305
2025-11-12 15:42:00+00:00,4187.1,4187.9,4185.0,4186.2,996
2025-11-12 15:43:00+00:00,4186.4,4186.9,4183.3,4185.1,659
2025-11-12 15:44:00+00:00,4185.2,4186.0,4183.0,4185.4,673
2025-11-12 15:45:00+00:00,4185.4,4186.2,4183.1,4185.2,596
2025-11-12 15:46:00+00:00,4185.5,4186.3,4184.9,4185.4,427
2025-11-12 15:47:00+00:00,4185.5,4185.7,4182.5,4184.4,605
2025-11-12 15:48:00+00:00,4184.7,4189.1,4184.7,4188.8,978
2025-11-12 15:49:00+00:00,4188.9,4190.4,4188.1,4189.9,1486
2025-11-12 15:50:00+00:00,4190.0,4192.4,4189.9,4191.1,1293
2025-11-12 15:51:00+00:00,4190.7,4191.9,4187.1,4187.4,1173
2025-11-12 15:52:00+00:00,4187.2,4187.9,4183.6,4183.7,1153
2025-11-12 15:53:00+00:00,4183.5,4185.3,4182.3,4183.0,1209
2025-11-12 15:54:00+00:00,4182.6,4185.2,4181.1,4181.9,1149
2025-11-12 15:55:00+00:00,4182.1,4185.6,4181.9,4185.1,856
2025-11-12 15:56:00+00:00,4185.1,4188.4,4185.0,4188.3,719
2025-11-12 15:57:00+00:00,4188.2,4189.0,4186.7,4188.1,518
2025-11-12 15:58:00+00:00,4187.8,4189.0,4184.8,4185.0,546
2025-11-12 15:59:00+00:00,4185.1,4188.4,4185.1,4188.0,455
2025-11-12 16:00:00+00:00,4187.8,4189.2,4186.4,4187.4,798
2025-11-12 16:01:00+00:00,4187.6,4189.8,4186.7,4189.4,750
2025-11-12 16:02:00+00:00,4189.4,4191.8,4189.0,4191.2,803
2025-11-12 16:03:00+00:00,4191.2,4193.0,4190.9,4192.6,1057
2025-11-12 16:04:00+00:00,4192.6,4194.7,4192.4,4194.1,1127
2025-11-12 16:05:00+00:00,4194.0,4195.0,4191.5,4192.1,778
2025-11-12 16:06:00+00:00,4192.2,4193.7,4191.4,4192.8,522
2025-11-12 16:07:00+00:00,4193.0,4196.5,4192.7,4195.0,1015
2025-11-12 16:08:00+00:00,4194.9,4195.4,4194.0,4194.6,621
2025-11-12 16:09:00+00:00,4194.6,4195.2,4192.7,4193.8,922
2025-11-12 16:10:00+00:00,4193.7,4193.8,4191.4,4192.6,802
2025-11-12 16:11:00+00:00,4192.5,4192.6,4187.2,4188.1,1419
2025-11-12 16:12:00+00:00,4188.2,4191.0,4188.2,4191.0,878
2025-11-12 16:13:00+00:00,4190.8,4192.0,4189.6,4190.8,653
2025-11-12 16:14:00+00:00,4190.8,4191.1,4188.0,4190.5,593
2025-11-12 16:15:00+00:00,4190.6,4194.0,4190.4,4192.4,949
2025-11-12 16:16:00+00:00,4192.7,4193.8,4191.5,4191.6,558
2025-11-12 16:17:00+00:00,4191.5,4192.8,4188.2,4188.8,739
2025-11-12 16:18:00+00:00,4188.8,4190.8,4188.1,4190.6,593
2025-11-12 16:19:00+00:00,4190.6,4192.0,4189.6,4190.8,460
2025-11-12 16:20:00+00:00,4190.9,4191.6,4189.6,4189.7,279
2025-11-12 16:21:00+00:00,4189.6,4190.9,4188.0,4188.3,537
2025-11-12 16:22:00+00:00,4188.4,4191.6,4187.9,4190.9,721
2025-11-12 16:23:00+00:00,4190.7,4192.3,4189.6,4190.1,508
2025-11-12 16:24:00+00:00,4190.0,4191.2,4188.0,4190.2,654
2025-11-12 16:25:00+00:00,4190.0,4191.5,4189.5,4189.9,260
2025-11-12 16:26:00+00:00,4189.7,4192.4,4189.5,4192.2,416
2025-11-12 16:27:00+00:00,4192.4,4192.9,4191.0,4191.1,404
2025-11-12 16:28:00+00:00,4191.1,4191.6,4189.5,4190.9,343
2025-11-12 16:29:00+00:00,4190.9,4194.4,4190.6,4194.0,644
2025-11-12 16:30:00+00:00,4193.6,4196.2,4192.9,4195.9,865
2025-11-12 16:31:00+00:00,4196.1,4198.6,4195.8,4196.8,1561
2025-11-12 16:32:00+00:00,4196.8,4200.8,4196.7,4200.6,1651
2025-11-12 16:33:00+00:00,4200.7,4201.8,4198.9,4200.8,1392
2025-11-12 16:34:00+00:00,4201.0,4202.8,4200.1,4200.5,1246
2025-11-12 16:35:00+00:00,4200.9,4202.1,4198.3,4200.2,1021
2025-11-12 16:36:00+00:00,4200.4,4200.6,4198.1,4199.8,757
2025-11-12 16:37:00+00:00,4199.6,4203.0,4199.1,4199.3,935
2025-11-12 16:38:00+00:00,4199.2,4199.6,4197.1,4198.2,738
2025-11-12 16:39:00+00:00,4198.3,4198.4,4194.0,4194.3,1015
2025-11-12 16:40:00+00:00,4194.3,4196.8,4194.2,4196.5,775
2025-11-12 16:41:00+00:00,4196.6,4200.7,4196.2,4199.4,1039
2025-11-12 16:42:00+00:00,4199.3,4201.7,4199.2,4200.4,610
2025-11-12 16:43:00+00:00,4200.4,4200.6,4198.6,4200.2,541
2025-11-12 16:44:00+00:00,4199.9,4200.4,4198.7,4200.0,375
2025-11-12 16:45:00+00:00,4200.3,4200.9,4198.5,4199.4,318
2025-11-12 16:46:00+00:00,4199.3,4199.9,4198.0,4198.4,375
2025-11-12 16:47:00+00:00,4198.6,4198.7,4196.7,4196.8,399
2025-11-12 16:48:00+00:00,4196.9,4196.9,4193.7,4195.3,749
2025-11-12 16:49:00+00:00,4195.3,4198.9,4194.9,4197.9,599
2025-11-12 16:50:00+00:00,4198.2,4199.8,4197.0,4197.8,445
2025-11-12 16:51:00+00:00,4197.5,4198.2,4196.6,4197.8,295
2025-11-12 16:52:00+00:00,4198.0,4200.8,4197.6,4200.3,509
2025-11-12 16:53:00+00:00,4200.4,4200.6,4199.4,4199.8,417
2025-11-12 16:54:00+00:00,4200.2,4202.7,4200.1,4200.9,744
2025-11-12 16:55:00+00:00,4201.1,4202.5,4200.0,4200.4,469
2025-11-12 16:56:00+00:00,4200.3,4202.3,4200.2,4201.3,262
2025-11-12 16:57:00+00:00,4201.1,4201.6,4200.2,4201.6,186
2025-11-12 16:58:00+00:00,4201.5,4203.5,4201.2,4203.3,490
2025-11-12 16:59:00+00:00,4203.3,4204.6,4202.3,4203.2,677
2025-11-12 17:00:00+00:00,4203.1,4206.6,4202.0,4205.5,1453
2025-11-12 17:01:00+00:00,4205.5,4206.8,4203.6,4206.1,1082
2025-11-12 17:02:00+00:00,4206.0,4206.0,4203.4,4204.7,661
2025-11-12 17:03:00+00:00,4204.8,4208.0,4204.6,4207.1,868
2025-11-12 17:04:00+00:00,4207.0,4209.0,4205.9,4208.6,1240
2025-11-12 17:05:00+00:00,4208.5,4208.6,4206.0,4206.1,693
2025-11-12 17:06:00+00:00,4206.2,4206.2,4203.6,4205.3,819
2025-11-12 17:07:00+00:00,4205.4,4205.7,4203.6,4204.3,500
2025-11-12 17:08:00+00:00,4204.2,4206.1,4204.0,4204.6,343
2025-11-12 17:09:00+00:00,4204.5,4206.6,4204.5,4206.1,311
2025-11-12 17:10:00+00:00,4206.3,4206.3,4202.9,4204.1,635
2025-11-12 17:11:00+00:00,4204.4,4205.6,4203.2,4203.4,259
2025-11-12 17:12:00+00:00,4203.5,4204.6,4202.5,4204.5,474
2025-11-12 17:13:00+00:00,4204.6,4206.4,4203.7,4205.9,392
2025-11-12 17:14:00+00:00,4205.8,4206.6,4204.4,4205.0,448
2025-11-12 17:15:00+00:00,4205.3,4206.1,4204.5,4205.2,198
2025-11-12 17:16:00+00:00,4205.3,4205.9,4203.0,4203.6,395
2025-11-12 17:17:00+00:00,4203.6,4204.2,4199.7,4202.6,1147
2025-11-12 17:18:00+00:00,4202.7,4202.7,4198.4,4200.0,707
2025-11-12 17:19:00+00:00,4200.0,4201.6,4198.7,4199.1,592
2025-11-12 17:20:00+00:00,4199.4,4202.2,4199.1,4201.9,565
2025-11-12 17:21:00+00:00,4201.7,4202.2,4199.5,4200.5,350
2025-11-12 17:22:00+00:00,4200.4,4201.8,4200.0,4200.4,309
2025-11-12 17:23:00+00:00,4200.1,4201.2,4198.6,4200.8,389
2025-11-12 17:24:00+00:00,4200.4,4203.9,4200.3,4203.8,578
2025-11-12 17:25:00+00:00,4203.9,4204.7,4203.0,4203.6,455
2025-11-12 17:26:00+00:00,4203.6,4204.1,4202.2,4203.1,401
2025-11-12 17:27:00+00:00,4202.8,4204.1,4202.5,4203.4,193
2025-11-12 17:28:00+00:00,4203.3,4203.9,4200.5,4200.7,274
2025-11-12 17:29:00+00:00,4200.8,4202.2,4200.6,4202.1,334
2025-11-12 17:30:00+00:00,4202.1,4204.1,4201.6,4203.6,354
2025-11-12 17:31:00+00:00,4203.6,4204.6,4202.9,4203.7,350
2025-11-12 17:32:00+00:00,4203.8,4206.2,4203.7,4205.6,531
2025-11-12 17:33:00+00:00,4205.8,4207.5,4205.6,4207.3,707
2025-11-12 17:34:00+00:00,4207.3,4207.5,4205.1,4206.9,908
2025-11-12 17:35:00+00:00,4207.1,4208.1,4205.7,4208.1,639
2025-11-12 17:36:00+00:00,4208.1,4210.0,4206.0,4206.8,1105
2025-11-12 17:37:00+00:00,4206.9,4208.8,4206.3,4208.2,613
2025-11-12 17:38:00+00:00,4208.4,4210.6,4207.4,4209.7,671
2025-11-12 17:39:00+00:00,4209.6,4211.7,4208.7,4210.1,736
2025-11-12 17:40:00+00:00,4209.9,4212.4,4209.8,4211.2,578
2025-11-12 17:41:00+00:00,4211.3,4212.4,4209.8,4210.1,444
2025-11-12 17:42:00+00:00,4210.1,4210.9,4208.0,4210.3,475
2025-11-12 17:43:00+00:00,4210.4,4210.4,4207.0,4207.6,451
2025-11-12 17:44:00+00:00,4207.9,4209.5,4207.8,4208.3,239
2025-11-12 17:45:00+00:00,4208.5,4209.1,4207.6,4207.9,228
2025-11-12 17:46:00+00:00,4207.7,4208.5,4206.8,4208.1,292
2025-11-12 17:47:00+00:00,4208.1,4210.6,4208.1,4209.2,401
2025-11-12 17:48:00+00:00,4209.1,4209.4,4207.2,4208.4,250
2025-11-12 17:49:00+00:00,4208.4,4208.9,4207.6,4208.4,196
2025-11-12 17:50:00+00:00,4208.5,4208.5,4206.0,4207.3,390
2025-11-12 17:51:00+00:00,4207.7,4207.8,4205.4,4205.5,519
2025-11-12 17:52:00+00:00,4205.4,4207.6,4205.0,4207.6,587
2025-11-12 17:53:00+00:00,4207.6,4208.6,4206.1,4206.9,376
2025-11-12 17:54:00+00:00,4206.7,4208.8,4206.7,4208.0,325
2025-11-12 17:55:00+00:00,4207.7,4210.2,4207.6,4210.0,311
2025-11-12 17:56:00+00:00,4210.1,4210.6,4208.1,4209.6,493
2025-11-12 17:57:00+00:00,4209.5,4209.7,4207.0,4207.6,262
2025-11-12 17:58:00+00:00,4207.2,4207.7,4206.4,4206.8,215
2025-11-12 17:59:00+00:00,4206.9,4207.2,4205.3,4205.7,272
2025-11-12 18:00:00+00:00,4205.9,4208.2,4205.8,4206.7,346
2025-11-12 18:01:00+00:00,4206.6,4206.8,4203.6,4203.9,496
2025-11-12 18:02:00+00:00,4203.9,4204.7,4202.7,4203.4,525
2025-11-12 18:03:00+00:00,4203.4,4203.8,4199.3,4199.3,942
2025-11-12 18:04:00+00:00,4199.5,4200.0,4196.9,4199.0,1164
2025-11-12 18:05:00+00:00,4199.4,4202.6,4198.5,4201.0,819
2025-11-12 18:06:00+00:00,4201.3,4201.5,4198.7,4199.2,505
2025-11-12 18:07:00+00:00,4199.3,4202.8,4199.0,4202.7,388
2025-11-12 18:08:00+00:00,4202.7,4203.5,4201.7,4201.8,632
2025-11-12 18:09:00+00:00,4201.9,4203.6,4201.7,4201.7,315
2025-11-12 18:10:00+00:00,4201.9,4205.3,4201.7,4205.3,541
2025-11-12 18:11:00+00:00,4205.3,4207.1,4204.9,4206.4,756
2025-11-12 18:12:00+00:00,4206.4,4207.6,4205.5,4205.7,424
2025-11-12 18:13:00+00:00,4205.5,4207.7,4205.1,4206.9,346
2025-11-12 18:14:00+00:00,4206.9,4207.3,4205.7,4206.4,309
2025-11-12 18:15:00+00:00,4206.6,4206.7,4204.7,4206.2,382
2025-11-12 18:16:00+00:00,4206.1,4207.0,4205.8,4206.0,255
2025-11-12 18:17:00+00:00,4206.2,4206.6,4205.0,4205.6,222
2025-11-12 18:18:00+00:00,4205.5,4206.1,4204.6,4205.9,288
2025-11-12 18:19:00+00:00,4205.8,4206.6,4205.2,4205.3,255
2025-11-12 18:20:00+00:00,4205.6,4208.4,4205.6,4208.3,483
2025-11-12 18:21:00+00:00,4208.1,4208.7,4206.4,4207.1,346
2025-11-12 18:22:00+00:00,4207.1,4207.9,4206.1,4207.9,367
2025-11-12 18:23:00+00:00,4207.8,4209.9,4207.8,4209.6,645
2025-11-12 18:24:00+00:00,4209.8,4211.6,4209.2,4210.7,884
2025-11-12 18:25:00+00:00,4210.8,4213.8,4210.2,4213.3,1061
2025-11-12 18:26:00+00:00,4213.5,4216.1,4212.4,4216.1,1274
2025-11-12 18:27:00+00:00,4216.1,4218.5,4215.8,4217.7,1286
2025-11-12 18:28:00+00:00,4217.5,4217.7,4213.8,4214.0,1228
2025-11-12 18:29:00+00:00,4214.2,4215.2,4212.5,4212.9,924
2025-11-12 18:30:00+00:00,4212.9,4215.6,4212.9,4215.1,788
2025-11-12 18:31:00+00:00,4215.4,4216.1,4214.3,4214.7,388
2025-11-12 18:32:00+00:00,4214.7,4214.9,4213.5,4214.1,239
2025-11-12 18:33:00+00:00,4214.3,4215.5,4214.1,4214.9,202
2025-11-12 18:34:00+00:00,4214.8,4214.9,4212.0,4212.2,448
2025-11-12 18:35:00+00:00,4212.5,4214.5,4212.3,4214.5,240
2025-11-12 18:36:00+00:00,4214.3,4216.0,4214.3,4214.7,367
2025-11-12 18:37:00+00:00,4214.7,4215.4,4214.0,4214.7,145
2025-11-12 18:38:00+00:00,4214.7,4215.4,4213.7,4215.1,231
2025-11-12 18:39:00+00:00,4215.1,4217.0,4214.8,4216.6,399
2025-11-12 18:40:00+00:00,4216.8,4216.9,4214.6,4215.2,333
2025-11-12 18:41:00+00:00,4215.4,4215.7,4214.2,4214.2,215
2025-11-12 18:42:00+00:00,4214.3,4215.2,4214.0,4214.5,173
2025-11-12 18:43:00+00:00,4214.4,4215.5,4214.2,4215.2,105
2025-11-12 18:44:00+00:00,4215.1,4215.5,4214.6,4214.8,121
2025-11-12 18:45:00+00:00,4214.7,4215.8,4214.6,4215.5,228
2025-11-12 18:46:00+00:00,4215.6,4216.2,4215.1,4215.1,191
2025-11-12 18:47:00+00:00,4215.0,4215.2,4214.0,4215.1,224
2025-11-12 18:48:00+00:00,4215.2,4215.5,4214.2,4214.2,67
2025-11-12 18:49:00+00:00,4214.2,4214.5,4212.8,4214.0,344
2025-11-12 18:50:00+00:00,4214.0,4214.4,4212.8,4214.1,292
2025-11-12 18:51:00+00:00,4214.3,4215.5,4213.7,4215.2,173
2025-11-12 18:52:00+00:00,4215.2,4215.5,4214.7,4215.2,116
2025-11-12 18:53:00+00:00,4215.1,4215.5,4214.7,4215.2,110
2025-11-12 18:54:00+00:00,4215.3,4215.5,4214.7,4214.9,138
2025-11-12 18:55:00+00:00,4214.9,4215.8,4214.8,4215.6,178
2025-11-12 18:56:00+00:00,4215.7,4216.9,4215.0,4215.0,389
2025-11-12 18:57:00+00:00,4214.7,4215.3,4213.8,4214.7,245
2025-11-12 18:58:00+00:00,4214.7,4214.9,4213.3,4214.0,193
2025-11-12 18:59:00+00:00,4214.2,4214.3,4213.0,4213.3,170
2025-11-12 19:00:00+00:00,4213.3,4215.1,4213.2,4214.1,191
2025-11-12 19:01:00+00:00,4214.1,4214.6,4213.2,4213.6,210
2025-11-12 19:02:00+00:00,4214.1,4215.2,4213.8,4215.1,139
2025-11-12 19:03:00+00:00,4214.8,4216.2,4214.3,4216.0,239
2025-11-12 19:04:00+00:00,4216.0,4216.5,4214.2,4214.5,125
2025-11-12 19:05:00+00:00,4214.4,4215.2,4213.7,4215.1,151
2025-11-12 19:06:00+00:00,4215.4,4216.0,4213.5,4213.6,103
2025-11-12 19:07:00+00:00,4214.2,4214.3,4212.9,4214.0,229
2025-11-12 19:08:00+00:00,4214.0,4214.0,4210.8,4210.8,501
2025-11-12 19:09:00+00:00,4210.8,4212.7,4210.5,4212.6,351
2025-11-12 19:10:00+00:00,4212.7,4212.8,4208.1,4208.2,695
2025-11-12 19:11:00+00:00,4208.3,4209.2,4205.8,4205.8,708
2025-11-12 19:12:00+00:00,4205.9,4206.2,4201.4,4203.8,1199
2025-11-12 19:13:00+00:00,4204.0,4204.7,4202.6,4204.3,526
2025-11-12 19:14:00+00:00,4204.5,4204.5,4200.0,4201.8,668
2025-11-12 19:15:00+00:00,4202.1,4203.9,4201.7,4203.7,498
2025-11-12 19:16:00+00:00,4203.5,4206.0,4203.1,4206.0,583
2025-11-12 19:17:00+00:00,4206.0,4206.2,4202.8,4204.2,505
2025-11-12 19:18:00+00:00,4204.2,4204.4,4202.2,4202.6,339
2025-11-12 19:19:00+00:00,4202.8,4203.3,4200.3,4200.9,399
2025-11-12 19:20:00+00:00,4200.9,4204.2,4200.9,4202.7,394
2025-11-12 19:21:00+00:00,4202.8,4203.3,4200.2,4201.7,368
2025-11-12 19:22:00+00:00,4201.9,4202.0,4198.0,4199.3,910
2025-11-12 19:23:00+00:00,4199.1,4200.4,4198.0,4199.4,608
2025-11-12 19:24:00+00:00,4199.4,4200.0,4198.0,4199.0,341
2025-11-12 19:25:00+00:00,4199.2,4200.2,4197.6,4198.3,523
2025-11-12 19:26:00+00:00,4198.4,4200.8,4197.8,4200.8,627
2025-11-12 19:27:00+00:00,4200.6,4201.0,4198.8,4200.4,386
2025-11-12 19:28:00+00:00,4200.4,4201.7,4198.6,4198.9,399
2025-11-12 19:29:00+00:00,4199.6,4199.9,4198.3,4199.7,217
2025-11-12 19:30:00+00:00,4199.9,4203.0,4199.9,4202.5,620
2025-11-12 19:31:00+00:00,4202.4,4203.8,4201.9,4203.5,520
2025-11-12 19:32:00+00:00,4203.6,4203.7,4202.2,4202.7,186
2025-11-12 19:33:00+00:00,4202.7,4205.5,4202.0,4205.4,405
2025-11-12 19:34:00+00:00,4205.4,4206.1,4204.3,4206.1,308
2025-11-12 19:35:00+00:00,4206.0,4206.1,4204.2,4205.1,349
2025-11-12 19:36:00+00:00,4205.1,4206.3,4205.0,4205.5,309
2025-11-12 19:37:00+00:00,4205.5,4206.0,4204.9,4204.9,162
2025-11-12 19:38:00+00:00,4204.9,4205.0,4203.4,4203.9,232
2025-11-12 19:39:00+00:00,4203.5,4204.4,4202.2,4202.5,357
2025-11-12 19:40:00+00:00,4202.4,4202.5,4200.8,4201.1,539
2025-11-12 19:41:00+00:00,4201.7,4201.9,4200.0,4200.8,391
2025-11-12 19:42:00+00:00,4200.7,4201.4,4199.8,4200.3,255
2025-11-12 19:43:00+00:00,4200.4,4203.4,4199.8,4203.0,322
2025-11-12 19:44:00+00:00,4202.8,4203.0,4200.3,4200.9,250
2025-11-12 19:45:00+00:00,4200.9,4203.6,4200.7,4202.7,224
2025-11-12 19:46:00+00:00,4202.7,4204.7,4202.7,4203.9,209
2025-11-12 19:47:00+00:00,4203.9,4205.6,4203.1,4204.8,396
2025-11-12 19:48:00+00:00,4204.7,4205.0,4203.7,4204.9,141
2025-11-12 19:49:00+00:00,4204.9,4205.0,4203.7,4203.9,129
2025-11-12 19:50:00+00:00,4203.8,4204.3,4201.6,4201.6,314
2025-11-12 19:51:00+00:00,4201.7,4202.9,4201.5,4202.5,266
2025-11-12 19:52:00+00:00,4202.8,4204.5,4202.3,4204.5,162
2025-11-12 19:53:00+00:00,4204.3,4205.5,4203.4,4205.3,279
2025-11-12 19:54:00+00:00,4205.3,4206.0,4205.0,4205.5,216
2025-11-12 19:55:00+00:00,4205.5,4205.6,4203.6,4203.7,236
2025-11-12 19:56:00+00:00,4203.5,4203.9,4202.2,4203.6,320
2025-11-12 19:57:00+00:00,4203.3,4203.8,4201.2,4201.8,203
2025-11-12 19:58:00+00:00,4202.0,4202.9,4201.0,4202.2,217
2025-11-12 19:59:00+00:00,4202.3,4203.5,4202.0,4203.4,172
2025-11-12 20:00:00+00:00,4203.2,4203.5,4201.3,4201.8,342
2025-11-12 20:01:00+00:00,4202.0,4203.0,4200.5,4201.3,334
2025-11-12 20:02:00+00:00,4201.4,4201.9,4199.4,4201.0,332
2025-11-12 20:03:00+00:00,4201.3,4202.9,4201.1,4201.9,235
2025-11-12 20:04:00+00:00,4202.0,4203.4,4202.0,4203.1,119
2025-11-12 20:05:00+00:00,4202.8,4202.9,4201.4,4201.5,130
2025-11-12 20:06:00+00:00,4201.7,4201.7,4197.9,4198.2,462
2025-11-12 20:07:00+00:00,4198.4,4199.2,4197.1,4197.4,484
2025-11-12 20:08:00+00:00,4197.6,4201.8,4195.8,4201.8,1020
2025-11-12 20:09:00+00:00,4201.9,4202.8,4200.7,4200.9,347
2025-11-12 20:10:00+00:00,4200.8,4202.9,4200.5,4202.3,265
2025-11-12 20:11:00+00:00,4202.1,4203.9,4201.5,4203.5,399
2025-11-12 20:12:00+00:00,4203.2,4203.5,4201.4,4202.9,262
2025-11-12 20:13:00+00:00,4202.7,4203.2,4202.2,4202.9,147
2025-11-12 20:14:00+00:00,4203.0,4203.5,4202.6,4203.3,133
2025-11-12 20:15:00+00:00,4203.4,4205.6,4202.8,4204.7,376
2025-11-12 20:16:00+00:00,4204.5,4204.5,4201.1,4201.3,254
2025-11-12 20:17:00+00:00,4201.2,4203.1,4200.9,4202.4,289
2025-11-12 20:18:00+00:00,4202.3,4202.7,4201.1,4201.1,113
2025-11-12 20:19:00+00:00,4201.0,4202.1,4201.0,4201.6,147
2025-11-12 20:20:00+00:00,4201.8,4203.9,4201.6,4202.7,231
2025-11-12 20:21:00+00:00,4203.0,4204.0,4202.3,4202.3,234
2025-11-12 20:22:00+00:00,4202.3,4202.6,4200.6,4200.9,152
2025-11-12 20:23:00+00:00,4200.7,4201.2,4199.8,4200.4,265
2025-11-12 20:24:00+00:00,4200.4,4201.6,4199.9,4200.8,184
2025-11-12 20:25:00+00:00,4200.6,4201.3,4200.1,4200.9,103
2025-11-12 20:26:00+00:00,4201.0,4201.6,4200.0,4200.9,122
2025-11-12 20:27:00+00:00,4200.9,4202.0,4200.6,4201.6,126
2025-11-12 20:28:00+00:00,4201.4,4201.5,4200.6,4200.9,86
2025-11-12 20:29:00+00:00,4200.9,4202.0,4200.9,4201.5,130
2025-11-12 20:30:00+00:00,4201.6,4201.6,4199.6,4199.8,150
2025-11-12 20:31:00+00:00,4199.8,4201.3,4199.6,4201.1,192
2025-11-12 20:32:00+00:00,4201.0,4203.2,4200.9,4202.9,237
2025-11-12 20:33:00+00:00,4202.7,4203.7,4201.5,4202.0,222
2025-11-12 20:34:00+00:00,4201.7,4202.4,4200.3,4200.7,465
2025-11-12 20:35:00+00:00,4200.7,4201.4,4200.1,4200.6,192
2025-11-12 20:36:00+00:00,4201.0,4201.0,4199.0,4199.3,245
2025-11-12 20:37:00+00:00,4199.5,4200.1,4198.2,4198.4,263
2025-11-12 20:38:00+00:00,4198.5,4199.8,4198.0,4198.9,290
2025-11-12 20:39:00+00:00,4198.9,4199.8,4198.6,4199.2,171
2025-11-12 20:40:00+00:00,4199.6,4200.7,4199.5,4200.6,164
2025-11-12 20:41:00+00:00,4200.6,4201.3,4199.8,4201.0,195
2025-11-12 20:42:00+00:00,4201.1,4201.5,4199.3,4200.5,178
2025-11-12 20:43:00+00:00,4200.4,4200.4,4198.9,4199.9,139
2025-11-12 20:44:00+00:00,4199.8,4201.9,4199.8,4201.8,124
2025-11-12 20:45:00+00:00,4201.7,4202.6,4201.0,4201.9,220
2025-11-12 20:46:00+00:00,4201.9,4201.9,4200.6,4200.8,134
2025-11-12 20:47:00+00:00,4200.9,4200.9,4199.7,4200.4,113
2025-11-12 20:48:00+00:00,4200.3,4200.5,4199.5,4199.5,161
2025-11-12 20:49:00+00:00,4199.7,4200.4,4199.2,4199.2,107
2025-11-12 20:50:00+00:00,4199.3,4200.8,4198.8,4200.8,158
2025-11-12 20:51:00+00:00,4200.9,4203.4,4200.8,4202.7,352
2025-11-12 20:52:00+00:00,4202.6,4205.2,4202.3,4203.2,636
2025-11-12 20:53:00+00:00,4203.3,4205.2,4202.5,4202.6,383
2025-11-12 20:54:00+00:00,4202.6,4202.9,4200.8,4201.1,201
2025-11-12 20:55:00+00:00,4201.2,4202.2,4200.5,4201.9,173
2025-11-12 20:56:00+00:00,4201.7,4202.1,4200.8,4201.0,150
2025-11-12 20:57:00+00:00,4201.1,4201.3,4199.6,4200.7,209
2025-11-12 20:58:00+00:00,4200.7,4201.3,4200.3,4200.4,148
2025-11-12 20:59:00+00:00,4200.4,4201.8,4199.8,4201.2,400
